Word,CEFR_Level,Frequency,Years_Count,Years_Appeared,Source
Library,Unclassified,31,1,2026,2026.txt
tea,Unclassified,23,1,2026,2026.txt
people,Unclassified,22,1,2026,2026.txt
youtube,Unclassified,22,1,2026,2026.txt
People,Unclassified,20,1,2026,2026.txt
first,Unclassified,18,1,2026,2026.txt
know,Unclassified,18,1,2026,2026.txt
Agnes,Unclassified,17,1,2026,2026.txt
bubble,Unclassified,17,1,2026,2026.txt
dont,Unclassified,16,1,2026,2026.txt
Yip,Unclassified,16,1,2026,2026.txt
really,Unclassified,15,1,2026,2026.txt
travel,Unclassified,15,1,2026,2026.txt
event,Unclassified,14,1,2026,2026.txt
need,Unclassified,13,1,2026,2026.txt
coffee,Unclassified,12,1,2026,2026.txt
Ive,Unclassified,12,1,2026,2026.txt
videos,Unclassified,12,1,2026,2026.txt
drink,Unclassified,11,1,2026,2026.txt
Khan,Unclassified,11,1,2026,2026.txt
Librarian,Unclassified,11,1,2026,2026.txt
library,Unclassified,11,1,2026,2026.txt
Chan,Unclassified,10,1,2026,2026.txt
March,Unclassified,10,1,2026,2026.txt
Meera,Unclassified,10,1,2026,2026.txt
think,Unclassified,10,1,2026,2026.txt
Thomas,Unclassified,10,1,2026,2026.txt
Tom,Unclassified,10,1,2026,2026.txt
aibookpioneer,Unclassified,9,1,2026,2026.txt
Bangkok,Unclassified,9,1,2026,2026.txt
channel,Unclassified,9,1,2026,2026.txt
PPC,Unclassified,9,1,2026,2026.txt
Travel,Unclassified,9,1,2026,2026.txt
video,Unclassified,9,1,2026,2026.txt
book,Unclassified,8,1,2026,2026.txt
got,Unclassified,8,1,2026,2026.txt
help,Unclassified,8,1,2026,2026.txt
home,Unclassified,8,1,2026,2026.txt
time,Unclassified,8,1,2026,2026.txt
whole,Unclassified,8,1,2026,2026.txt
year,Unclassified,8,1,2026,2026.txt
best,Unclassified,7,1,2026,2026.txt
books,Unclassified,7,1,2026,2026.txt
comments,Unclassified,7,1,2026,2026.txt
everything,Unclassified,7,1,2026,2026.txt
feel,Unclassified,7,1,2026,2026.txt
find,Unclassified,7,1,2026,2026.txt
great,Unclassified,7,1,2026,2026.txt
Katy,Unclassified,7,1,2026,2026.txt
myself,Unclassified,7,1,2026,2026.txt
said,Unclassified,7,1,2026,2026.txt
Adelaide,Unclassified,6,1,2026,2026.txt
definitely,Unclassified,6,1,2026,2026.txt
Email,Unclassified,6,1,2026,2026.txt
hand,Unclassified,6,1,2026,2026.txt
Harbour,Unclassified,6,1,2026,2026.txt
LCSD,Unclassified,6,1,2026,2026.txt
look,Unclassified,6,1,2026,2026.txt
moths,Unclassified,6,1,2026,2026.txt
seeing,Unclassified,6,1,2026,2026.txt
situation,Unclassified,6,1,2026,2026.txt
social,Unclassified,6,1,2026,2026.txt
Starbucks,Unclassified,6,1,2026,2026.txt
Victoria,Unclassified,6,1,2026,2026.txt
way,Unclassified,6,1,2026,2026.txt
world,Unclassified,6,1,2026,2026.txt
anything,Unclassified,5,1,2026,2026.txt
audience,Unclassified,5,1,2026,2026.txt
bit,Unclassified,5,1,2026,2026.txt
carpet,Unclassified,5,1,2026,2026.txt
Dear,Unclassified,5,1,2026,2026.txt
didnt,Unclassified,5,1,2026,2026.txt
even,Unclassified,5,1,2026,2026.txt
every,Unclassified,5,1,2026,2026.txt
good,Unclassified,5,1,2026,2026.txt
hear,Unclassified,5,1,2026,2026.txt
Huang,Unclassified,5,1,2026,2026.txt
last,Unclassified,5,1,2026,2026.txt
least,Unclassified,5,1,2026,2026.txt
librarians,Unclassified,5,1,2026,2026.txt
little,Unclassified,5,1,2026,2026.txt
living,Unclassified,5,1,2026,2026.txt
love,Unclassified,5,1,2026,2026.txt
media,Unclassified,5,1,2026,2026.txt
meeting,Unclassified,5,1,2026,2026.txt
narrativetravel,Unclassified,5,1,2026,2026.txt
Nico,Unclassified,5,1,2026,2026.txt
pearls,Unclassified,5,1,2026,2026.txt
recording,Unclassified,5,1,2026,2026.txt
right,Unclassified,5,1,2026,2026.txt
staff,Unclassified,5,1,2026,2026.txt
started,Unclassified,5,1,2026,2026.txt
stay,Unclassified,5,1,2026,2026.txt
stores,Unclassified,5,1,2026,2026.txt
Thanks,Unclassified,5,1,2026,2026.txt
things,Unclassified,5,1,2026,2026.txt
try,Unclassified,5,1,2026,2026.txt
week,Unclassified,5,1,2026,2026.txt
work,Unclassified,5,1,2026,2026.txt
youre,Unclassified,5,1,2026,2026.txt
yourself,Unclassified,5,1,2026,2026.txt
already,Unclassified,4,1,2026,2026.txt
always,Unclassified,4,1,2026,2026.txt
American,Unclassified,4,1,2026,2026.txt
April,Unclassified,4,1,2026,2026.txt
asked,Unclassified,4,1,2026,2026.txt
back,Unclassified,4,1,2026,2026.txt
become,Unclassified,4,1,2026,2026.txt
better,Unclassified,4,1,2026,2026.txt
big,Unclassified,4,1,2026,2026.txt
Bill,Unclassified,4,1,2026,2026.txt
Book,Unclassified,4,1,2026,2026.txt
call,Unclassified,4,1,2026,2026.txt
cant,Unclassified,4,1,2026,2026.txt
chains,Unclassified,4,1,2026,2026.txt
chance,Unclassified,4,1,2026,2026.txt
Chau,Unclassified,4,1,2026,2026.txt
Chen,Unclassified,4,1,2026,2026.txt
come,Unclassified,4,1,2026,2026.txt
Community,Unclassified,4,1,2026,2026.txt
Consultants,Unclassified,4,1,2026,2026.txt
content,Unclassified,4,1,2026,2026.txt
Cultural,Unclassified,4,1,2026,2026.txt
cup,Unclassified,4,1,2026,2026.txt
Data,Unclassified,4,1,2026,2026.txt
Department,Unclassified,4,1,2026,2026.txt
different,Unclassified,4,1,2026,2026.txt
end,Unclassified,4,1,2026,2026.txt
fact,Unclassified,4,1,2026,2026.txt
February,Unclassified,4,1,2026,2026.txt
File,Unclassified,4,1,2026,2026.txt
going,Unclassified,4,1,2026,2026.txt
grow,Unclassified,4,1,2026,2026.txt
idea,Unclassified,4,1,2026,2026.txt
include,Unclassified,4,1,2026,2026.txt
inside,Unclassified,4,1,2026,2026.txt
intern,Unclassified,4,1,2026,2026.txt
involves,Unclassified,4,1,2026,2026.txt
Leisure,Unclassified,4,1,2026,2026.txt
Lin,Unclassified,4,1,2026,2026.txt
mean,Unclassified,4,1,2026,2026.txt
milk,Unclassified,4,1,2026,2026.txt
mind,Unclassified,4,1,2026,2026.txt
minutes,Unclassified,4,1,2026,2026.txt
month,Unclassified,4,1,2026,2026.txt
morning,Unclassified,4,1,2026,2026.txt
Moth,Unclassified,4,1,2026,2026.txt
offer,Unclassified,4,1,2026,2026.txt
often,Unclassified,4,1,2026,2026.txt
part,Unclassified,4,1,2026,2026.txt
place,Unclassified,4,1,2026,2026.txt
quality,Unclassified,4,1,2026,2026.txt
questionanswer,Unclassified,4,1,2026,2026.txt
remember,Unclassified,4,1,2026,2026.txt
say,Unclassified,4,1,2026,2026.txt
scale,Unclassified,4,1,2026,2026.txt
Services,Unclassified,4,1,2026,2026.txt
still,Unclassified,4,1,2026,2026.txt
storytellers,Unclassified,4,1,2026,2026.txt
straw,Unclassified,4,1,2026,2026.txt
taking,Unclassified,4,1,2026,2026.txt
talk,Unclassified,4,1,2026,2026.txt
tapioca,Unclassified,4,1,2026,2026.txt
teaches,Unclassified,4,1,2026,2026.txt
Teckniti,Unclassified,4,1,2026,2026.txt
Text,Unclassified,4,1,2026,2026.txt
though,Unclassified,4,1,2026,2026.txt
thread,Unclassified,4,1,2026,2026.txt
Tokyo,Unclassified,4,1,2026,2026.txt
told,Unclassified,4,1,2026,2026.txt
traveling,Unclassified,4,1,2026,2026.txt
two,Unclassified,4,1,2026,2026.txt
university,Unclassified,4,1,2026,2026.txt
visit,Unclassified,4,1,2026,2026.txt
want,Unclassified,4,1,2026,2026.txt
without,Unclassified,4,1,2026,2026.txt
working,Unclassified,4,1,2026,2026.txt
wrote,Unclassified,4,1,2026,2026.txt
Yeah,Unclassified,4,1,2026,2026.txt
Yes,Unclassified,4,1,2026,2026.txt
Adults,Unclassified,3,1,2026,2026.txt
Assistant,Unclassified,3,1,2026,2026.txt
attend,Unclassified,3,1,2026,2026.txt
balance,Unclassified,3,1,2026,2026.txt
barista,Unclassified,3,1,2026,2026.txt
beyond,Unclassified,3,1,2026,2026.txt
Books,Unclassified,3,1,2026,2026.txt
bring,Unclassified,3,1,2026,2026.txt
bureaucracy,Unclassified,3,1,2026,2026.txt
checking,Unclassified,3,1,2026,2026.txt
choose,Unclassified,3,1,2026,2026.txt
close,Unclassified,3,1,2026,2026.txt
cockroaches,Unclassified,3,1,2026,2026.txt
coming,Unclassified,3,1,2026,2026.txt
company,Unclassified,3,1,2026,2026.txt
Controllers,Unclassified,3,1,2026,2026.txt
create,Unclassified,3,1,2026,2026.txt
culture,Unclassified,3,1,2026,2026.txt
cultures,Unclassified,3,1,2026,2026.txt
customer,Unclassified,3,1,2026,2026.txt
easily,Unclassified,3,1,2026,2026.txt
ever,Unclassified,3,1,2026,2026.txt
everyone,Unclassified,3,1,2026,2026.txt
experience,Unclassified,3,1,2026,2026.txt
explorer,Unclassified,3,1,2026,2026.txt
face,Unclassified,3,1,2026,2026.txt
far,Unclassified,3,1,2026,2026.txt
feeling,Unclassified,3,1,2026,2026.txt
five,Unclassified,3,1,2026,2026.txt
forward,Unclassified,3,1,2026,2026.txt
groups,Unclassified,3,1,2026,2026.txt
happy,Unclassified,3,1,2026,2026.txt
Hong,Unclassified,3,1,2026,2026.txt
Ill,Unclassified,3,1,2026,2026.txt
interns,Unclassified,3,1,2026,2026.txt
Japan,Unclassified,3,1,2026,2026.txt
Jimboinlove,Unclassified,3,1,2026,2026.txt
kind,Unclassified,3,1,2026,2026.txt
Kong,Unclassified,3,1,2026,2026.txt
life,Unclassified,3,1,2026,2026.txt
long,Unclassified,3,1,2026,2026.txt
making,Unclassified,3,1,2026,2026.txt
managed,Unclassified,3,1,2026,2026.txt
meet,Unclassified,3,1,2026,2026.txt
months,Unclassified,3,1,2026,2026.txt
moth,Unclassified,3,1,2026,2026.txt
name,Unclassified,3,1,2026,2026.txt
never,Unclassified,3,1,2026,2026.txt
next,Unclassified,3,1,2026,2026.txt
notice,Unclassified,3,1,2026,2026.txt
otherwise,Unclassified,3,1,2026,2026.txt
ourselves,Unclassified,3,1,2026,2026.txt
parts,Unclassified,3,1,2026,2026.txt
Pest,Unclassified,3,1,2026,2026.txt
places,Unclassified,3,1,2026,2026.txt
possible,Unclassified,3,1,2026,2026.txt
Powerful,Unclassified,3,1,2026,2026.txt
process,Unclassified,3,1,2026,2026.txt
professionals,Unclassified,3,1,2026,2026.txt
project,Unclassified,3,1,2026,2026.txt
Project,Unclassified,3,1,2026,2026.txt
proposal,Unclassified,3,1,2026,2026.txt
Rare,Unclassified,3,1,2026,2026.txt
refugees,Unclassified,3,1,2026,2026.txt
report,Unclassified,3,1,2026,2026.txt
search,Unclassified,3,1,2026,2026.txt
Section,Unclassified,3,1,2026,2026.txt
Sent,Unclassified,3,1,2026,2026.txt
short,Unclassified,3,1,2026,2026.txt
something,Unclassified,3,1,2026,2026.txt
space,Unclassified,3,1,2026,2026.txt
stand,Unclassified,3,1,2026,2026.txt
stories,Unclassified,3,1,2026,2026.txt
stuff,Unclassified,3,1,2026,2026.txt
Subject,Unclassified,3,1,2026,2026.txt
subscribers,Unclassified,3,1,2026,2026.txt
tasks,Unclassified,3,1,2026,2026.txt
taste,Unclassified,3,1,2026,2026.txt
technology,Unclassified,3,1,2026,2026.txt
tend,Unclassified,3,1,2026,2026.txt
thats,Unclassified,3,1,2026,2026.txt
Theyre,Unclassified,3,1,2026,2026.txt
Ties,Unclassified,3,1,2026,2026.txt
tools,Unclassified,3,1,2026,2026.txt
use,Unclassified,3,1,2026,2026.txt
usually,Unclassified,3,1,2026,2026.txt
vacuum,Unclassified,3,1,2026,2026.txt
viewers,Unclassified,3,1,2026,2026.txt
wanted,Unclassified,3,1,2026,2026.txt
write,Unclassified,3,1,2026,2026.txt
Yengi,Unclassified,3,1,2026,2026.txt
youll,Unclassified,3,1,2026,2026.txt
youtuber,Unclassified,3,1,2026,2026.txt
youve,Unclassified,3,1,2026,2026.txt
ability,Unclassified,2,1,2026,2026.txt
abroad,Unclassified,2,1,2026,2026.txt
added,Unclassified,2,1,2026,2026.txt
addins,Unclassified,2,1,2026,2026.txt
aficionados,Unclassified,2,1,2026,2026.txt
ago,Unclassified,2,1,2026,2026.txt
allows,Unclassified,2,1,2026,2026.txt
alone,Unclassified,2,1,2026,2026.txt
amazing,Unclassified,2,1,2026,2026.txt
America,Unclassified,2,1,2026,2026.txt
another,Unclassified,2,1,2026,2026.txt
appropriate,Unclassified,2,1,2026,2026.txt
article,Unclassified,2,1,2026,2026.txt
Asian,Unclassified,2,1,2026,2026.txt
ask,Unclassified,2,1,2026,2026.txt
assignment,Unclassified,2,1,2026,2026.txt
assignments,Unclassified,2,1,2026,2026.txt
attention,Unclassified,2,1,2026,2026.txt
babys,Unclassified,2,1,2026,2026.txt
bad,Unclassified,2,1,2026,2026.txt
basic,Unclassified,2,1,2026,2026.txt
bears,Unclassified,2,1,2026,2026.txt
bedbugs,Unclassified,2,1,2026,2026.txt
beliefs,Unclassified,2,1,2026,2026.txt
boxes,Unclassified,2,1,2026,2026.txt
bureaucratized,Unclassified,2,1,2026,2026.txt
caffeine,Unclassified,2,1,2026,2026.txt
called,Unclassified,2,1,2026,2026.txt
carry,Unclassified,2,1,2026,2026.txt
Centre,Unclassified,2,1,2026,2026.txt
chain,Unclassified,2,1,2026,2026.txt
challenges,Unclassified,2,1,2026,2026.txt
check,Unclassified,2,1,2026,2026.txt
clean,Unclassified,2,1,2026,2026.txt
community,Unclassified,2,1,2026,2026.txt
companies,Unclassified,2,1,2026,2026.txt
complete,Unclassified,2,1,2026,2026.txt
contribute,Unclassified,2,1,2026,2026.txt
conversation,Unclassified,2,1,2026,2026.txt
corner,Unclassified,2,1,2026,2026.txt
couldnt,Unclassified,2,1,2026,2026.txt
country,Unclassified,2,1,2026,2026.txt
course,Unclassified,2,1,2026,2026.txt
customers,Unclassified,2,1,2026,2026.txt
daily,Unclassified,2,1,2026,2026.txt
data,Unclassified,2,1,2026,2026.txt
day,Unclassified,2,1,2026,2026.txt
decided,Unclassified,2,1,2026,2026.txt
depend,Unclassified,2,1,2026,2026.txt
design,Unclassified,2,1,2026,2026.txt
designed,Unclassified,2,1,2026,2026.txt
difference,Unclassified,2,1,2026,2026.txt
Discussion,Unclassified,2,1,2026,2026.txt
distinction,Unclassified,2,1,2026,2026.txt
Dont,Unclassified,2,1,2026,2026.txt
drinking,Unclassified,2,1,2026,2026.txt
drinks,Unclassified,2,1,2026,2026.txt
drive,Unclassified,2,1,2026,2026.txt
early,Unclassified,2,1,2026,2026.txt
else,Unclassified,2,1,2026,2026.txt
empathetic,Unclassified,2,1,2026,2026.txt
engage,Unclassified,2,1,2026,2026.txt
engagement,Unclassified,2,1,2026,2026.txt
entrepreneurs,Unclassified,2,1,2026,2026.txt
equally,Unclassified,2,1,2026,2026.txt
evening,Unclassified,2,1,2026,2026.txt
events,Unclassified,2,1,2026,2026.txt
exactly,Unclassified,2,1,2026,2026.txt
excited,Unclassified,2,1,2026,2026.txt
exotic,Unclassified,2,1,2026,2026.txt
expect,Unclassified,2,1,2026,2026.txt
experiences,Unclassified,2,1,2026,2026.txt
explain,Unclassified,2,1,2026,2026.txt
eye,Unclassified,2,1,2026,2026.txt
eyes,Unclassified,2,1,2026,2026.txt
familiar,Unclassified,2,1,2026,2026.txt
familiarise,Unclassified,2,1,2026,2026.txt
family,Unclassified,2,1,2026,2026.txt
famous,Unclassified,2,1,2026,2026.txt
film,Unclassified,2,1,2026,2026.txt
final,Unclassified,2,1,2026,2026.txt
Finally,Unclassified,2,1,2026,2026.txt
food,Unclassified,2,1,2026,2026.txt
forum,Unclassified,2,1,2026,2026.txt
Francisco,Unclassified,2,1,2026,2026.txt
frequency,Unclassified,2,1,2026,2026.txt
Friday,Unclassified,2,1,2026,2026.txt
future,Unclassified,2,1,2026,2026.txt
futureai,Unclassified,2,1,2026,2026.txt
game,Unclassified,2,1,2026,2026.txt
generally,Unclassified,2,1,2026,2026.txt
giving,Unclassified,2,1,2026,2026.txt
grass,Unclassified,2,1,2026,2026.txt
guides,Unclassified,2,1,2026,2026.txt
gummy,Unclassified,2,1,2026,2026.txt
hall,Unclassified,2,1,2026,2026.txt
hard,Unclassified,2,1,2026,2026.txt
havent,Unclassified,2,1,2026,2026.txt
heard,Unclassified,2,1,2026,2026.txt
homeless,Unclassified,2,1,2026,2026.txt
However,Unclassified,2,1,2026,2026.txt
iced,Unclassified,2,1,2026,2026.txt
ideas,Unclassified,2,1,2026,2026.txt
ignore,Unclassified,2,1,2026,2026.txt
incorporate,Unclassified,2,1,2026,2026.txt
inevitably,Unclassified,2,1,2026,2026.txt
infestation,Unclassified,2,1,2026,2026.txt
information,Unclassified,2,1,2026,2026.txt
innocent,Unclassified,2,1,2026,2026.txt
interested,Unclassified,2,1,2026,2026.txt
Italian,Unclassified,2,1,2026,2026.txt
January,Unclassified,2,1,2026,2026.txt
jelly,Unclassified,2,1,2026,2026.txt
job,Unclassified,2,1,2026,2026.txt
Katie,Unclassified,2,1,2026,2026.txt
keeping,Unclassified,2,1,2026,2026.txt
keyword,Unclassified,2,1,2026,2026.txt
knew,Unclassified,2,1,2026,2026.txt
languages,Unclassified,2,1,2026,2026.txt
learnt,Unclassified,2,1,2026,2026.txt
leaving,Unclassified,2,1,2026,2026.txt
lecturers,Unclassified,2,1,2026,2026.txt
level,Unclassified,2,1,2026,2026.txt
levels,Unclassified,2,1,2026,2026.txt
librarian,Unclassified,2,1,2026,2026.txt
libraryboss,Unclassified,2,1,2026,2026.txt
listen,Unclassified,2,1,2026,2026.txt
listening,Unclassified,2,1,2026,2026.txt
Listening,Unclassified,2,1,2026,2026.txt
lives,Unclassified,2,1,2026,2026.txt
lot,Unclassified,2,1,2026,2026.txt
lovely,Unclassified,2,1,2026,2026.txt
makes,Unclassified,2,1,2026,2026.txt
mcdonalds,Unclassified,2,1,2026,2026.txt
means,Unclassified,2,1,2026,2026.txt
move,Unclassified,2,1,2026,2026.txt
needs,Unclassified,2,1,2026,2026.txt
News,Unclassified,2,1,2026,2026.txt
niche,Unclassified,2,1,2026,2026.txt
notes,Unclassified,2,1,2026,2026.txt
notetaking,Unclassified,2,1,2026,2026.txt
nowadays,Unclassified,2,1,2026,2026.txt
number,Unclassified,2,1,2026,2026.txt
okay,Unclassified,2,1,2026,2026.txt
Okay,Unclassified,2,1,2026,2026.txt
open,Unclassified,2,1,2026,2026.txt
option,Unclassified,2,1,2026,2026.txt
options,Unclassified,2,1,2026,2026.txt
order,Unclassified,2,1,2026,2026.txt
others,Unclassified,2,1,2026,2026.txt
page,Unclassified,2,1,2026,2026.txt
participants,Unclassified,2,1,2026,2026.txt
pearl,Unclassified,2,1,2026,2026.txt
perhaps,Unclassified,2,1,2026,2026.txt
plastic,Unclassified,2,1,2026,2026.txt
platform,Unclassified,2,1,2026,2026.txt
point,Unclassified,2,1,2026,2026.txt
positive,Unclassified,2,1,2026,2026.txt
posting,Unclassified,2,1,2026,2026.txt
potential,Unclassified,2,1,2026,2026.txt
potentially,Unclassified,2,1,2026,2026.txt
prejudice,Unclassified,2,1,2026,2026.txt
premium,Unclassified,2,1,2026,2026.txt
pretty,Unclassified,2,1,2026,2026.txt
probably,Unclassified,2,1,2026,2026.txt
problem,Unclassified,2,1,2026,2026.txt
product,Unclassified,2,1,2026,2026.txt
progress,Unclassified,2,1,2026,2026.txt
provide,Unclassified,2,1,2026,2026.txt
pushing,Unclassified,2,1,2026,2026.txt
put,Unclassified,2,1,2026,2026.txt
question,Unclassified,2,1,2026,2026.txt
questions,Unclassified,2,1,2026,2026.txt
quite,Unclassified,2,1,2026,2026.txt
rather,Unclassified,2,1,2026,2026.txt
read,Unclassified,2,1,2026,2026.txt
realise,Unclassified,2,1,2026,2026.txt
reality,Unclassified,2,1,2026,2026.txt
regardless,Unclassified,2,1,2026,2026.txt
registered,Unclassified,2,1,2026,2026.txt
relevant,Unclassified,2,1,2026,2026.txt
Report,Unclassified,2,1,2026,2026.txt
rest,Unclassified,2,1,2026,2026.txt
Right,Unclassified,2,1,2026,2026.txt
rival,Unclassified,2,1,2026,2026.txt
San,Unclassified,2,1,2026,2026.txt
saw,Unclassified,2,1,2026,2026.txt
scaling,Unclassified,2,1,2026,2026.txt
scene,Unclassified,2,1,2026,2026.txt
seats,Unclassified,2,1,2026,2026.txt
section,Unclassified,2,1,2026,2026.txt
seldom,Unclassified,2,1,2026,2026.txt
sense,Unclassified,2,1,2026,2026.txt
sensory,Unclassified,2,1,2026,2026.txt
sheet,Unclassified,2,1,2026,2026.txt
show,Unclassified,2,1,2026,2026.txt
shows,Unclassified,2,1,2026,2026.txt
simply,Unclassified,2,1,2026,2026.txt
since,Unclassified,2,1,2026,2026.txt
single,Unclassified,2,1,2026,2026.txt
small,Unclassified,2,1,2026,2026.txt
someone,Unclassified,2,1,2026,2026.txt
sometimes,Unclassified,2,1,2026,2026.txt
soon,Unclassified,2,1,2026,2026.txt
speed,Unclassified,2,1,2026,2026.txt
spend,Unclassified,2,1,2026,2026.txt
student,Unclassified,2,1,2026,2026.txt
studying,Unclassified,2,1,2026,2026.txt
submit,Unclassified,2,1,2026,2026.txt
successful,Unclassified,2,1,2026,2026.txt
sun,Unclassified,2,1,2026,2026.txt
sure,Unclassified,2,1,2026,2026.txt
Survey,Unclassified,2,1,2026,2026.txt
sweet,Unclassified,2,1,2026,2026.txt
telephone,Unclassified,2,1,2026,2026.txt
terms,Unclassified,2,1,2026,2026.txt
Thats,Unclassified,2,1,2026,2026.txt
themselves,Unclassified,2,1,2026,2026.txt
therefore,Unclassified,2,1,2026,2026.txt
Theres,Unclassified,2,1,2026,2026.txt
theyll,Unclassified,2,1,2026,2026.txt
thinking,Unclassified,2,1,2026,2026.txt
thought,Unclassified,2,1,2026,2026.txt
ties,Unclassified,2,1,2026,2026.txt
times,Unclassified,2,1,2026,2026.txt
tips,Unclassified,2,1,2026,2026.txt
took,Unclassified,2,1,2026,2026.txt
tool,Unclassified,2,1,2026,2026.txt
tourist,Unclassified,2,1,2026,2026.txt
towards,Unclassified,2,1,2026,2026.txt
Transcript,Unclassified,2,1,2026,2026.txt
transformed,Unclassified,2,1,2026,2026.txt
traveler,Unclassified,2,1,2026,2026.txt
truly,Unclassified,2,1,2026,2026.txt
Ultimately,Unclassified,2,1,2026,2026.txt
under,Unclassified,2,1,2026,2026.txt
understand,Unclassified,2,1,2026,2026.txt
Unsure,Unclassified,2,1,2026,2026.txt
update,Unclassified,2,1,2026,2026.txt
used,Unclassified,2,1,2026,2026.txt
Users,Unclassified,2,1,2026,2026.txt
using,Unclassified,2,1,2026,2026.txt
values,Unclassified,2,1,2026,2026.txt
variety,Unclassified,2,1,2026,2026.txt
virtual,Unclassified,2,1,2026,2026.txt
waiting,Unclassified,2,1,2026,2026.txt
wants,Unclassified,2,1,2026,2026.txt
went,Unclassified,2,1,2026,2026.txt
werent,Unclassified,2,1,2026,2026.txt
weve,Unclassified,2,1,2026,2026.txt
Whats,Unclassified,2,1,2026,2026.txt
whatsapp,Unclassified,2,1,2026,2026.txt
whether,Unclassified,2,1,2026,2026.txt
winning,Unclassified,2,1,2026,2026.txt
wisdom,Unclassified,2,1,2026,2026.txt
wont,Unclassified,2,1,2026,2026.txt
works,Unclassified,2,1,2026,2026.txt
worlds,Unclassified,2,1,2026,2026.txt
worry,Unclassified,2,1,2026,2026.txt
written,Unclassified,2,1,2026,2026.txt
yes,Unclassified,2,1,2026,2026.txt
yet,Unclassified,2,1,2026,2026.txt
Yet,Unclassified,2,1,2026,2026.txt
Youll,Unclassified,2,1,2026,2026.txt
Zingales,Unclassified,2,1,2026,2026.txt
Aaah,Unclassified,1,1,2026,2026.txt
absolute,Unclassified,1,1,2026,2026.txt
absolutely,Unclassified,1,1,2026,2026.txt
accept,Unclassified,1,1,2026,2026.txt
access,Unclassified,1,1,2026,2026.txt
accuracy,Unclassified,1,1,2026,2026.txt
accurate,Unclassified,1,1,2026,2026.txt
achieve,Unclassified,1,1,2026,2026.txt
achieving,Unclassified,1,1,2026,2026.txt
across,Unclassified,1,1,2026,2026.txt
activity,Unclassified,1,1,2026,2026.txt
Actually,Unclassified,1,1,2026,2026.txt
actually,Unclassified,1,1,2026,2026.txt
add,Unclassified,1,1,2026,2026.txt
addictive,Unclassified,1,1,2026,2026.txt
address,Unclassified,1,1,2026,2026.txt
adds,Unclassified,1,1,2026,2026.txt
adrenaline,Unclassified,1,1,2026,2026.txt
adult,Unclassified,1,1,2026,2026.txt
adventure,Unclassified,1,1,2026,2026.txt
advertising,Unclassified,1,1,2026,2026.txt
advise,Unclassified,1,1,2026,2026.txt
affected,Unclassified,1,1,2026,2026.txt
Africa,Unclassified,1,1,2026,2026.txt
afternoon,Unclassified,1,1,2026,2026.txt
afterwards,Unclassified,1,1,2026,2026.txt
ahead,Unclassified,1,1,2026,2026.txt
Ainu,Unclassified,1,1,2026,2026.txt
Alexandria,Unclassified,1,1,2026,2026.txt
allegiances,Unclassified,1,1,2026,2026.txt
allocated,Unclassified,1,1,2026,2026.txt
allround,Unclassified,1,1,2026,2026.txt
almost,Unclassified,1,1,2026,2026.txt
along,Unclassified,1,1,2026,2026.txt
Americans,Unclassified,1,1,2026,2026.txt
Among,Unclassified,1,1,2026,2026.txt
Andrew,Unclassified,1,1,2026,2026.txt
angle,Unclassified,1,1,2026,2026.txt
answer,Unclassified,1,1,2026,2026.txt
anyone,Unclassified,1,1,2026,2026.txt
Anyone,Unclassified,1,1,2026,2026.txt
apparently,Unclassified,1,1,2026,2026.txt
appearing,Unclassified,1,1,2026,2026.txt
apply,Unclassified,1,1,2026,2026.txt
appointed,Unclassified,1,1,2026,2026.txt
appreciate,Unclassified,1,1,2026,2026.txt
appreciative,Unclassified,1,1,2026,2026.txt
approach,Unclassified,1,1,2026,2026.txt
appropri,Unclassified,1,1,2026,2026.txt
area,Unclassified,1,1,2026,2026.txt
argued,Unclassified,1,1,2026,2026.txt
arise,Unclassified,1,1,2026,2026.txt
arrive,Unclassified,1,1,2026,2026.txt
arrived,Unclassified,1,1,2026,2026.txt
Asia,Unclassified,1,1,2026,2026.txt
asleep,Unclassified,1,1,2026,2026.txt
assumptions,Unclassified,1,1,2026,2026.txt
athlete,Unclassified,1,1,2026,2026.txt
attained,Unclassified,1,1,2026,2026.txt
attended,Unclassified,1,1,2026,2026.txt
attendees,Unclassified,1,1,2026,2026.txt
attending,Unclassified,1,1,2026,2026.txt
august,Unclassified,1,1,2026,2026.txt
Australia,Unclassified,1,1,2026,2026.txt
author,Unclassified,1,1,2026,2026.txt
awake,Unclassified,1,1,2026,2026.txt
awareness,Unclassified,1,1,2026,2026.txt
awful,Unclassified,1,1,2026,2026.txt
awkward,Unclassified,1,1,2026,2026.txt
bachelorette,Unclassified,1,1,2026,2026.txt
badge,Unclassified,1,1,2026,2026.txt
bag,Unclassified,1,1,2026,2026.txt
Bali,Unclassified,1,1,2026,2026.txt
bars,Unclassified,1,1,2026,2026.txt
base,Unclassified,1,1,2026,2026.txt
based,Unclassified,1,1,2026,2026.txt
Bataar,Unclassified,1,1,2026,2026.txt
battle,Unclassified,1,1,2026,2026.txt
Bay,Unclassified,1,1,2026,2026.txt
Bear,Unclassified,1,1,2026,2026.txt
beauties,Unclassified,1,1,2026,2026.txt
becomes,Unclassified,1,1,2026,2026.txt
becoming,Unclassified,1,1,2026,2026.txt
bed,Unclassified,1,1,2026,2026.txt
begun,Unclassified,1,1,2026,2026.txt
behemoth,Unclassified,1,1,2026,2026.txt
believe,Unclassified,1,1,2026,2026.txt
believing,Unclassified,1,1,2026,2026.txt
belongs,Unclassified,1,1,2026,2026.txt
Ben,Unclassified,1,1,2026,2026.txt
beneficial,Unclassified,1,1,2026,2026.txt
bespoke,Unclassified,1,1,2026,2026.txt
bickering,Unclassified,1,1,2026,2026.txt
biggest,Unclassified,1,1,2026,2026.txt
Bin,Unclassified,1,1,2026,2026.txt
biometric,Unclassified,1,1,2026,2026.txt
bitter,Unclassified,1,1,2026,2026.txt
blind,Unclassified,1,1,2026,2026.txt
blogs,Unclassified,1,1,2026,2026.txt
blurts,Unclassified,1,1,2026,2026.txt
boarding,Unclassified,1,1,2026,2026.txt
borders,Unclassified,1,1,2026,2026.txt
bought,Unclassified,1,1,2026,2026.txt
boundaries,Unclassified,1,1,2026,2026.txt
box,Unclassified,1,1,2026,2026.txt
branch,Unclassified,1,1,2026,2026.txt
brands,Unclassified,1,1,2026,2026.txt
brew,Unclassified,1,1,2026,2026.txt
bridge,Unclassified,1,1,2026,2026.txt
bridgeable,Unclassified,1,1,2026,2026.txt
brief,Unclassified,1,1,2026,2026.txt
briefcase,Unclassified,1,1,2026,2026.txt
Bubble,Unclassified,1,1,2026,2026.txt
bubbles,Unclassified,1,1,2026,2026.txt
Buddhist,Unclassified,1,1,2026,2026.txt
build,Unclassified,1,1,2026,2026.txt
Building,Unclassified,1,1,2026,2026.txt
built,Unclassified,1,1,2026,2026.txt
bureaucratic,Unclassified,1,1,2026,2026.txt
burgermaking,Unclassified,1,1,2026,2026.txt
burn,Unclassified,1,1,2026,2026.txt
Business,Unclassified,1,1,2026,2026.txt
business,Unclassified,1,1,2026,2026.txt
busy,Unclassified,1,1,2026,2026.txt
buy,Unclassified,1,1,2026,2026.txt
buzz,Unclassified,1,1,2026,2026.txt
caffeinefix,Unclassified,1,1,2026,2026.txt
calories,Unclassified,1,1,2026,2026.txt
Cambodia,Unclassified,1,1,2026,2026.txt
camera,Unclassified,1,1,2026,2026.txt
Cant,Unclassified,1,1,2026,2026.txt
capable,Unclassified,1,1,2026,2026.txt
captions,Unclassified,1,1,2026,2026.txt
career,Unclassified,1,1,2026,2026.txt
careful,Unclassified,1,1,2026,2026.txt
carefully,Unclassified,1,1,2026,2026.txt
carrier,Unclassified,1,1,2026,2026.txt
catches,Unclassified,1,1,2026,2026.txt
cause,Unclassified,1,1,2026,2026.txt
causes,Unclassified,1,1,2026,2026.txt
centre,Unclassified,1,1,2026,2026.txt
certainly,Unclassified,1,1,2026,2026.txt
certainties,Unclassified,1,1,2026,2026.txt
Cha,Unclassified,1,1,2026,2026.txt
Challenge,Unclassified,1,1,2026,2026.txt
change,Unclassified,1,1,2026,2026.txt
Channel,Unclassified,1,1,2026,2026.txt
channels,Unclassified,1,1,2026,2026.txt
chants,Unclassified,1,1,2026,2026.txt
chat,Unclassified,1,1,2026,2026.txt
chatime,Unclassified,1,1,2026,2026.txt
chatter,Unclassified,1,1,2026,2026.txt
chatty,Unclassified,1,1,2026,2026.txt
cheap,Unclassified,1,1,2026,2026.txt
Check,Unclassified,1,1,2026,2026.txt
checked,Unclassified,1,1,2026,2026.txt
chewy,Unclassified,1,1,2026,2026.txt
Chief,Unclassified,1,1,2026,2026.txt
chief,Unclassified,1,1,2026,2026.txt
childish,Unclassified,1,1,2026,2026.txt
children,Unclassified,1,1,2026,2026.txt
Chinese,Unclassified,1,1,2026,2026.txt
choice,Unclassified,1,1,2026,2026.txt
choices,Unclassified,1,1,2026,2026.txt
Choose,Unclassified,1,1,2026,2026.txt
chosen,Unclassified,1,1,2026,2026.txt
cite,Unclassified,1,1,2026,2026.txt
civic,Unclassified,1,1,2026,2026.txt
Classof,Unclassified,1,1,2026,2026.txt
cleaners,Unclassified,1,1,2026,2026.txt
clear,Unclassified,1,1,2026,2026.txt
Clearly,Unclassified,1,1,2026,2026.txt
clearly,Unclassified,1,1,2026,2026.txt
clearlydefined,Unclassified,1,1,2026,2026.txt
closed,Unclassified,1,1,2026,2026.txt
clubs,Unclassified,1,1,2026,2026.txt
cockroach,Unclassified,1,1,2026,2026.txt
coco,Unclassified,1,1,2026,2026.txt
Coffee,Unclassified,1,1,2026,2026.txt
cofounders,Unclassified,1,1,2026,2026.txt
colleague,Unclassified,1,1,2026,2026.txt
combination,Unclassified,1,1,2026,2026.txt
comes,Unclassified,1,1,2026,2026.txt
comfort,Unclassified,1,1,2026,2026.txt
comment,Unclassified,1,1,2026,2026.txt
COMMENTS,Unclassified,1,1,2026,2026.txt
common,Unclassified,1,1,2026,2026.txt
commonly,Unclassified,1,1,2026,2026.txt
compassion,Unclassified,1,1,2026,2026.txt
complacencies,Unclassified,1,1,2026,2026.txt
complained,Unclassified,1,1,2026,2026.txt
complains,Unclassified,1,1,2026,2026.txt
Complete,Unclassified,1,1,2026,2026.txt
Completed,Unclassified,1,1,2026,2026.txt
completely,Unclassified,1,1,2026,2026.txt
complex,Unclassified,1,1,2026,2026.txt
computer,Unclassified,1,1,2026,2026.txt
concentrate,Unclassified,1,1,2026,2026.txt
concerns,Unclassified,1,1,2026,2026.txt
confident,Unclassified,1,1,2026,2026.txt
confirm,Unclassified,1,1,2026,2026.txt
connect,Unclassified,1,1,2026,2026.txt
consider,Unclassified,1,1,2026,2026.txt
consistency,Unclassified,1,1,2026,2026.txt
Consistency,Unclassified,1,1,2026,2026.txt
consistent,Unclassified,1,1,2026,2026.txt
consistently,Unclassified,1,1,2026,2026.txt
Consumed,Unclassified,1,1,2026,2026.txt
Contents,Unclassified,1,1,2026,2026.txt
control,Unclassified,1,1,2026,2026.txt
convenience,Unclassified,1,1,2026,2026.txt
cooing,Unclassified,1,1,2026,2026.txt
cool,Unclassified,1,1,2026,2026.txt
core,Unclassified,1,1,2026,2026.txt
cornerstone,Unclassified,1,1,2026,2026.txt
Cosmos,Unclassified,1,1,2026,2026.txt
counsellor,Unclassified,1,1,2026,2026.txt
Count,Unclassified,1,1,2026,2026.txt
couple,Unclassified,1,1,2026,2026.txt
cover,Unclassified,1,1,2026,2026.txt
craftsmen,Unclassified,1,1,2026,2026.txt
craze,Unclassified,1,1,2026,2026.txt
created,Unclassified,1,1,2026,2026.txt
creates,Unclassified,1,1,2026,2026.txt
Creating,Unclassified,1,1,2026,2026.txt
creative,Unclassified,1,1,2026,2026.txt
creativity,Unclassified,1,1,2026,2026.txt
crooked,Unclassified,1,1,2026,2026.txt
Curren,Unclassified,1,1,2026,2026.txt
currently,Unclassified,1,1,2026,2026.txt
damage,Unclassified,1,1,2026,2026.txt
dances,Unclassified,1,1,2026,2026.txt
darkness,Unclassified,1,1,2026,2026.txt
Darwin,Unclassified,1,1,2026,2026.txt
dates,Unclassified,1,1,2026,2026.txt
dawn,Unclassified,1,1,2026,2026.txt
days,Unclassified,1,1,2026,2026.txt
deadline,Unclassified,1,1,2026,2026.txt
deal,Unclassified,1,1,2026,2026.txt
dealing,Unclassified,1,1,2026,2026.txt
December,Unclassified,1,1,2026,2026.txt
decision,Unclassified,1,1,2026,2026.txt
deep,Unclassified,1,1,2026,2026.txt
deeply,Unclassified,1,1,2026,2026.txt
defines,Unclassified,1,1,2026,2026.txt
Definitely,Unclassified,1,1,2026,2026.txt
demands,Unclassified,1,1,2026,2026.txt
depending,Unclassified,1,1,2026,2026.txt
depends,Unclassified,1,1,2026,2026.txt
describe,Unclassified,1,1,2026,2026.txt
despite,Unclassified,1,1,2026,2026.txt
destroy,Unclassified,1,1,2026,2026.txt
destroyed,Unclassified,1,1,2026,2026.txt
determined,Unclassified,1,1,2026,2026.txt
developing,Unclassified,1,1,2026,2026.txt
diameter,Unclassified,1,1,2026,2026.txt
dickenstech,Unclassified,1,1,2026,2026.txt
dilemmas,Unclassified,1,1,2026,2026.txt
dimension,Unclassified,1,1,2026,2026.txt
dine,Unclassified,1,1,2026,2026.txt
Discover,Unclassified,1,1,2026,2026.txt
discovered,Unclassified,1,1,2026,2026.txt
discuss,Unclassified,1,1,2026,2026.txt
discusses,Unclassified,1,1,2026,2026.txt
discussion,Unclassified,1,1,2026,2026.txt
dislikes,Unclassified,1,1,2026,2026.txt
distant,Unclassified,1,1,2026,2026.txt
distinct,Unclassified,1,1,2026,2026.txt
distinctive,Unclassified,1,1,2026,2026.txt
distribute,Unclassified,1,1,2026,2026.txt
diversity,Unclassified,1,1,2026,2026.txt
doesnt,Unclassified,1,1,2026,2026.txt
dolls,Unclassified,1,1,2026,2026.txt
dominant,Unclassified,1,1,2026,2026.txt
Dove,Unclassified,1,1,2026,2026.txt
draw,Unclassified,1,1,2026,2026.txt
dream,Unclassified,1,1,2026,2026.txt
dreams,Unclassified,1,1,2026,2026.txt
drinker,Unclassified,1,1,2026,2026.txt
drinkers,Unclassified,1,1,2026,2026.txt
due,Unclassified,1,1,2026,2026.txt
duffel,Unclassified,1,1,2026,2026.txt
duration,Unclassified,1,1,2026,2026.txt
Duties,Unclassified,1,1,2026,2026.txt
duty,Unclassified,1,1,2026,2026.txt
eager,Unclassified,1,1,2026,2026.txt
ears,Unclassified,1,1,2026,2026.txt
earth,Unclassified,1,1,2026,2026.txt
easier,Unclassified,1,1,2026,2026.txt
easy,Unclassified,1,1,2026,2026.txt
economist,Unclassified,1,1,2026,2026.txt
editing,Unclassified,1,1,2026,2026.txt
effectively,Unclassified,1,1,2026,2026.txt
either,Unclassified,1,1,2026,2026.txt
Elderly,Unclassified,1,1,2026,2026.txt
email,Unclassified,1,1,2026,2026.txt
employees,Unclassified,1,1,2026,2026.txt
emptiness,Unclassified,1,1,2026,2026.txt
enables,Unclassified,1,1,2026,2026.txt
enabling,Unclassified,1,1,2026,2026.txt
encounter,Unclassified,1,1,2026,2026.txt
encouraging,Unclassified,1,1,2026,2026.txt
Engagement,Unclassified,1,1,2026,2026.txt
engaging,Unclassified,1,1,2026,2026.txt
engine,Unclassified,1,1,2026,2026.txt
English,Unclassified,1,1,2026,2026.txt
enjoy,Unclassified,1,1,2026,2026.txt
enough,Unclassified,1,1,2026,2026.txt
enters,Unclassified,1,1,2026,2026.txt
entire,Unclassified,1,1,2026,2026.txt
entry,Unclassified,1,1,2026,2026.txt
established,Unclassified,1,1,2026,2026.txt
European,Unclassified,1,1,2026,2026.txt
Evan,Unclassified,1,1,2026,2026.txt
Even,Unclassified,1,1,2026,2026.txt
evenings,Unclassified,1,1,2026,2026.txt
Every,Unclassified,1,1,2026,2026.txt
Everyone,Unclassified,1,1,2026,2026.txt
Everything,Unclassified,1,1,2026,2026.txt
Exactly,Unclassified,1,1,2026,2026.txt
example,Unclassified,1,1,2026,2026.txt
excellent,Unclassified,1,1,2026,2026.txt
executed,Unclassified,1,1,2026,2026.txt
executive,Unclassified,1,1,2026,2026.txt
exhausted,Unclassified,1,1,2026,2026.txt
expanding,Unclassified,1,1,2026,2026.txt
expected,Unclassified,1,1,2026,2026.txt
experienced,Unclassified,1,1,2026,2026.txt
explaining,Unclassified,1,1,2026,2026.txt
export,Unclassified,1,1,2026,2026.txt
express,Unclassified,1,1,2026,2026.txt
Express,Unclassified,1,1,2026,2026.txt
extremely,Unclassified,1,1,2026,2026.txt
fabricated,Unclassified,1,1,2026,2026.txt
fairly,Unclassified,1,1,2026,2026.txt
fake,Unclassified,1,1,2026,2026.txt
familiarity,Unclassified,1,1,2026,2026.txt
families,Unclassified,1,1,2026,2026.txt
famously,Unclassified,1,1,2026,2026.txt
fans,Unclassified,1,1,2026,2026.txt
farflung,Unclassified,1,1,2026,2026.txt
fashionable,Unclassified,1,1,2026,2026.txt
fastgrowing,Unclassified,1,1,2026,2026.txt
fat,Unclassified,1,1,2026,2026.txt
favorite,Unclassified,1,1,2026,2026.txt
feat,Unclassified,1,1,2026,2026.txt
feature,Unclassified,1,1,2026,2026.txt
Federal,Unclassified,1,1,2026,2026.txt
feedback,Unclassified,1,1,2026,2026.txt
figured,Unclassified,1,1,2026,2026.txt
filled,Unclassified,1,1,2026,2026.txt
filming,Unclassified,1,1,2026,2026.txt
firm,Unclassified,1,1,2026,2026.txt
firms,Unclassified,1,1,2026,2026.txt
First,Unclassified,1,1,2026,2026.txt
Firstly,Unclassified,1,1,2026,2026.txt
firsttime,Unclassified,1,1,2026,2026.txt
fit,Unclassified,1,1,2026,2026.txt
fix,Unclassified,1,1,2026,2026.txt
flash,Unclassified,1,1,2026,2026.txt
flavor,Unclassified,1,1,2026,2026.txt
Flight,Unclassified,1,1,2026,2026.txt
floor,Unclassified,1,1,2026,2026.txt
flow,Unclassified,1,1,2026,2026.txt
Follow,Unclassified,1,1,2026,2026.txt
following,Unclassified,1,1,2026,2026.txt
follows,Unclassified,1,1,2026,2026.txt
Followup,Unclassified,1,1,2026,2026.txt
foreign,Unclassified,1,1,2026,2026.txt
forth,Unclassified,1,1,2026,2026.txt
fosters,Unclassified,1,1,2026,2026.txt
found,Unclassified,1,1,2026,2026.txt
founders,Unclassified,1,1,2026,2026.txt
freedom,Unclassified,1,1,2026,2026.txt
freeze,Unclassified,1,1,2026,2026.txt
Fresh,Unclassified,1,1,2026,2026.txt
Fri,Unclassified,1,1,2026,2026.txt
friends,Unclassified,1,1,2026,2026.txt
froth,Unclassified,1,1,2026,2026.txt
full,Unclassified,1,1,2026,2026.txt
fully,Unclassified,1,1,2026,2026.txt
funded,Unclassified,1,1,2026,2026.txt
games,Unclassified,1,1,2026,2026.txt
gaps,Unclassified,1,1,2026,2026.txt
gate,Unclassified,1,1,2026,2026.txt
Gate,Unclassified,1,1,2026,2026.txt
generalisations,Unclassified,1,1,2026,2026.txt
geographically,Unclassified,1,1,2026,2026.txt
George,Unclassified,1,1,2026,2026.txt
Gio,Unclassified,1,1,2026,2026.txt
girl,Unclassified,1,1,2026,2026.txt
glitching,Unclassified,1,1,2026,2026.txt
global,Unclassified,1,1,2026,2026.txt
Gong,Unclassified,1,1,2026,2026.txt
goodnight,Unclassified,1,1,2026,2026.txt
goods,Unclassified,1,1,2026,2026.txt
Google,Unclassified,1,1,2026,2026.txt
granted,Unclassified,1,1,2026,2026.txt
gray,Unclassified,1,1,2026,2026.txt
Great,Unclassified,1,1,2026,2026.txt
gross,Unclassified,1,1,2026,2026.txt
Grow,Unclassified,1,1,2026,2026.txt
grumbles,Unclassified,1,1,2026,2026.txt
guy,Unclassified,1,1,2026,2026.txt
hadnt,Unclassified,1,1,2026,2026.txt
half,Unclassified,1,1,2026,2026.txt
Handwritten,Unclassified,1,1,2026,2026.txt
happened,Unclassified,1,1,2026,2026.txt
hardest,Unclassified,1,1,2026,2026.txt
hardship,Unclassified,1,1,2026,2026.txt
Harvard,Unclassified,1,1,2026,2026.txt
head,Unclassified,1,1,2026,2026.txt
headings,Unclassified,1,1,2026,2026.txt
hearing,Unclassified,1,1,2026,2026.txt
heart,Unclassified,1,1,2026,2026.txt
heeled,Unclassified,1,1,2026,2026.txt
heightened,Unclassified,1,1,2026,2026.txt
held,Unclassified,1,1,2026,2026.txt
Hell,Unclassified,1,1,2026,2026.txt
helpful,Unclassified,1,1,2026,2026.txt
Heres,Unclassified,1,1,2026,2026.txt
Hey,Unclassified,1,1,2026,2026.txt
hidden,Unclassified,1,1,2026,2026.txt
high,Unclassified,1,1,2026,2026.txt
hilarious,Unclassified,1,1,2026,2026.txt
historically,Unclassified,1,1,2026,2026.txt
history,Unclassified,1,1,2026,2026.txt
hit,Unclassified,1,1,2026,2026.txt
hobby,Unclassified,1,1,2026,2026.txt
homelands,Unclassified,1,1,2026,2026.txt
honed,Unclassified,1,1,2026,2026.txt
hope,Unclassified,1,1,2026,2026.txt
hoping,Unclassified,1,1,2026,2026.txt
horrible,Unclassified,1,1,2026,2026.txt
hour,Unclassified,1,1,2026,2026.txt
hours,Unclassified,1,1,2026,2026.txt
huge,Unclassified,1,1,2026,2026.txt
hugely,Unclassified,1,1,2026,2026.txt
hugoforever,Unclassified,1,1,2026,2026.txt
human,Unclassified,1,1,2026,2026.txt
humor,Unclassified,1,1,2026,2026.txt
hundreds,Unclassified,1,1,2026,2026.txt
hurtful,Unclassified,1,1,2026,2026.txt
ice,Unclassified,1,1,2026,2026.txt
Iceland,Unclassified,1,1,2026,2026.txt
imagine,Unclassified,1,1,2026,2026.txt
immensely,Unclassified,1,1,2026,2026.txt
Immigrants,Unclassified,1,1,2026,2026.txt
impact,Unclassified,1,1,2026,2026.txt
impacted,Unclassified,1,1,2026,2026.txt
impacts,Unclassified,1,1,2026,2026.txt
import,Unclassified,1,1,2026,2026.txt
importance,Unclassified,1,1,2026,2026.txt
importantly,Unclassified,1,1,2026,2026.txt
improving,Unclassified,1,1,2026,2026.txt
inch,Unclassified,1,1,2026,2026.txt
Include,Unclassified,1,1,2026,2026.txt
includes,Unclassified,1,1,2026,2026.txt
including,Unclassified,1,1,2026,2026.txt
increase,Unclassified,1,1,2026,2026.txt
India,Unclassified,1,1,2026,2026.txt
Indigenous,Unclassified,1,1,2026,2026.txt
indigenous,Unclassified,1,1,2026,2026.txt
infestations,Unclassified,1,1,2026,2026.txt
infrastructure,Unclassified,1,1,2026,2026.txt
initial,Unclassified,1,1,2026,2026.txt
Initially,Unclassified,1,1,2026,2026.txt
initially,Unclassified,1,1,2026,2026.txt
insect,Unclassified,1,1,2026,2026.txt
inspiration,Unclassified,1,1,2026,2026.txt
Instagram,Unclassified,1,1,2026,2026.txt
instead,Unclassified,1,1,2026,2026.txt
instructions,Unclassified,1,1,2026,2026.txt
interaction,Unclassified,1,1,2026,2026.txt
interesting,Unclassified,1,1,2026,2026.txt
internal,Unclassified,1,1,2026,2026.txt
internationally,Unclassified,1,1,2026,2026.txt
internship,Unclassified,1,1,2026,2026.txt
interview,Unclassified,1,1,2026,2026.txt
Interview,Unclassified,1,1,2026,2026.txt
intimidating,Unclassified,1,1,2026,2026.txt
introduce,Unclassified,1,1,2026,2026.txt
introducing,Unclassified,1,1,2026,2026.txt
invaluable,Unclassified,1,1,2026,2026.txt
Invented,Unclassified,1,1,2026,2026.txt
invisible,Unclassified,1,1,2026,2026.txt
Invite,Unclassified,1,1,2026,2026.txt
invite,Unclassified,1,1,2026,2026.txt
invites,Unclassified,1,1,2026,2026.txt
involved,Unclassified,1,1,2026,2026.txt
inward,Unclassified,1,1,2026,2026.txt
Islands,Unclassified,1,1,2026,2026.txt
isnt,Unclassified,1,1,2026,2026.txt
Isra,Unclassified,1,1,2026,2026.txt
issues,Unclassified,1,1,2026,2026.txt
Italianstyle,Unclassified,1,1,2026,2026.txt
itinerary,Unclassified,1,1,2026,2026.txt
itself,Unclassified,1,1,2026,2026.txt
James,Unclassified,1,1,2026,2026.txt
Jessica,Unclassified,1,1,2026,2026.txt
joked,Unclassified,1,1,2026,2026.txt
joy,Unclassified,1,1,2026,2026.txt
Keep,Unclassified,1,1,2026,2026.txt
keep,Unclassified,1,1,2026,2026.txt
keeps,Unclassified,1,1,2026,2026.txt
keywords,Unclassified,1,1,2026,2026.txt
kills,Unclassified,1,1,2026,2026.txt
kinder,Unclassified,1,1,2026,2026.txt
knees,Unclassified,1,1,2026,2026.txt
knocking,Unclassified,1,1,2026,2026.txt
knowhow,Unclassified,1,1,2026,2026.txt
known,Unclassified,1,1,2026,2026.txt
knows,Unclassified,1,1,2026,2026.txt
Korean,Unclassified,1,1,2026,2026.txt
label,Unclassified,1,1,2026,2026.txt
landscapes,Unclassified,1,1,2026,2026.txt
language,Unclassified,1,1,2026,2026.txt
large,Unclassified,1,1,2026,2026.txt
lasered,Unclassified,1,1,2026,2026.txt
late,Unclassified,1,1,2026,2026.txt
later,Unclassified,1,1,2026,2026.txt
laughed,Unclassified,1,1,2026,2026.txt
leads,Unclassified,1,1,2026,2026.txt
leap,Unclassified,1,1,2026,2026.txt
learn,Unclassified,1,1,2026,2026.txt
learning,Unclassified,1,1,2026,2026.txt
leave,Unclassified,1,1,2026,2026.txt
left,Unclassified,1,1,2026,2026.txt
lesson,Unclassified,1,1,2026,2026.txt
libraries,Unclassified,1,1,2026,2026.txt
lies,Unclassified,1,1,2026,2026.txt
lifeanddeath,Unclassified,1,1,2026,2026.txt
light,Unclassified,1,1,2026,2026.txt
lights,Unclassified,1,1,2026,2026.txt
likes,Unclassified,1,1,2026,2026.txt
limits,Unclassified,1,1,2026,2026.txt
link,Unclassified,1,1,2026,2026.txt
linked,Unclassified,1,1,2026,2026.txt
listens,Unclassified,1,1,2026,2026.txt
literature,Unclassified,1,1,2026,2026.txt
live,Unclassified,1,1,2026,2026.txt
local,Unclassified,1,1,2026,2026.txt
location,Unclassified,1,1,2026,2026.txt
Log,Unclassified,1,1,2026,2026.txt
LOL,Unclassified,1,1,2026,2026.txt
London,Unclassified,1,1,2026,2026.txt
lone,Unclassified,1,1,2026,2026.txt
lonely,Unclassified,1,1,2026,2026.txt
longrunning,Unclassified,1,1,2026,2026.txt
looked,Unclassified,1,1,2026,2026.txt
looking,Unclassified,1,1,2026,2026.txt
lose,Unclassified,1,1,2026,2026.txt
losing,Unclassified,1,1,2026,2026.txt
lots,Unclassified,1,1,2026,2026.txt
loudspeaker,Unclassified,1,1,2026,2026.txt
loved,Unclassified,1,1,2026,2026.txt
loyal,Unclassified,1,1,2026,2026.txt
lucky,Unclassified,1,1,2026,2026.txt
Luigi,Unclassified,1,1,2026,2026.txt
lunar,Unclassified,1,1,2026,2026.txt
lunch,Unclassified,1,1,2026,2026.txt
luxury,Unclassified,1,1,2026,2026.txt
madstudent,Unclassified,1,1,2026,2026.txt
main,Unclassified,1,1,2026,2026.txt
major,Unclassified,1,1,2026,2026.txt
malfunctioning,Unclassified,1,1,2026,2026.txt
manage,Unclassified,1,1,2026,2026.txt
management,Unclassified,1,1,2026,2026.txt
managerial,Unclassified,1,1,2026,2026.txt
manual,Unclassified,1,1,2026,2026.txt
market,Unclassified,1,1,2026,2026.txt
marks,Unclassified,1,1,2026,2026.txt
match,Unclassified,1,1,2026,2026.txt
maximum,Unclassified,1,1,2026,2026.txt
maybe,Unclassified,1,1,2026,2026.txt
Maybe,Unclassified,1,1,2026,2026.txt
meant,Unclassified,1,1,2026,2026.txt
Meeting,Unclassified,1,1,2026,2026.txt
meetings,Unclassified,1,1,2026,2026.txt
mention,Unclassified,1,1,2026,2026.txt
merged,Unclassified,1,1,2026,2026.txt
migrant,Unclassified,1,1,2026,2026.txt
Milanovic,Unclassified,1,1,2026,2026.txt
millions,Unclassified,1,1,2026,2026.txt
mindful,Unclassified,1,1,2026,2026.txt
minds,Unclassified,1,1,2026,2026.txt
Minorities,Unclassified,1,1,2026,2026.txt
minute,Unclassified,1,1,2026,2026.txt
miss,Unclassified,1,1,2026,2026.txt
missing,Unclassified,1,1,2026,2026.txt
mission,Unclassified,1,1,2026,2026.txt
mixed,Unclassified,1,1,2026,2026.txt
mobile,Unclassified,1,1,2026,2026.txt
model,Unclassified,1,1,2026,2026.txt
modern,Unclassified,1,1,2026,2026.txt
Monday,Unclassified,1,1,2026,2026.txt
money,Unclassified,1,1,2026,2026.txt
Mongolian,Unclassified,1,1,2026,2026.txt
monks,Unclassified,1,1,2026,2026.txt
monstrous,Unclassified,1,1,2026,2026.txt
moods,Unclassified,1,1,2026,2026.txt
moral,Unclassified,1,1,2026,2026.txt
mostly,Unclassified,1,1,2026,2026.txt
mother,Unclassified,1,1,2026,2026.txt
Moths,Unclassified,1,1,2026,2026.txt
motivation,Unclassified,1,1,2026,2026.txt
mouth,Unclassified,1,1,2026,2026.txt
mouthfeel,Unclassified,1,1,2026,2026.txt
moved,Unclassified,1,1,2026,2026.txt
moves,Unclassified,1,1,2026,2026.txt
movie,Unclassified,1,1,2026,2026.txt
moving,Unclassified,1,1,2026,2026.txt
names,Unclassified,1,1,2026,2026.txt
nationally,Unclassified,1,1,2026,2026.txt
necessary,Unclassified,1,1,2026,2026.txt
negative,Unclassified,1,1,2026,2026.txt
neither,Unclassified,1,1,2026,2026.txt
nervous,Unclassified,1,1,2026,2026.txt
networked,Unclassified,1,1,2026,2026.txt
newer,Unclassified,1,1,2026,2026.txt
news,Unclassified,1,1,2026,2026.txt
newspaper,Unclassified,1,1,2026,2026.txt
newspapers,Unclassified,1,1,2026,2026.txt
nimble,Unclassified,1,1,2026,2026.txt
noisy,Unclassified,1,1,2026,2026.txt
noone,Unclassified,1,1,2026,2026.txt
nor,Unclassified,1,1,2026,2026.txt
North,Unclassified,1,1,2026,2026.txt
note,Unclassified,1,1,2026,2026.txt
Notes,Unclassified,1,1,2026,2026.txt
Nothing,Unclassified,1,1,2026,2026.txt
novel,Unclassified,1,1,2026,2026.txt
November,Unclassified,1,1,2026,2026.txt
nowhere,Unclassified,1,1,2026,2026.txt
obscured,Unclassified,1,1,2026,2026.txt
obviously,Unclassified,1,1,2026,2026.txt
occurs,Unclassified,1,1,2026,2026.txt
Ocean,Unclassified,1,1,2026,2026.txt
offers,Unclassified,1,1,2026,2026.txt
Officer,Unclassified,1,1,2026,2026.txt
online,Unclassified,1,1,2026,2026.txt
onto,Unclassified,1,1,2026,2026.txt
operations,Unclassified,1,1,2026,2026.txt
opportunity,Unclassified,1,1,2026,2026.txt
ordered,Unclassified,1,1,2026,2026.txt
orders,Unclassified,1,1,2026,2026.txt
ordinarily,Unclassified,1,1,2026,2026.txt
organiser,Unclassified,1,1,2026,2026.txt
organization,Unclassified,1,1,2026,2026.txt
organizational,Unclassified,1,1,2026,2026.txt
outset,Unclassified,1,1,2026,2026.txt
outside,Unclassified,1,1,2026,2026.txt
overreact,Unclassified,1,1,2026,2026.txt
Pacific,Unclassified,1,1,2026,2026.txt
pages,Unclassified,1,1,2026,2026.txt
paid,Unclassified,1,1,2026,2026.txt
pair,Unclassified,1,1,2026,2026.txt
paper,Unclassified,1,1,2026,2026.txt
parents,Unclassified,1,1,2026,2026.txt
Part,Unclassified,1,1,2026,2026.txt
particular,Unclassified,1,1,2026,2026.txt
passages,Unclassified,1,1,2026,2026.txt
passed,Unclassified,1,1,2026,2026.txt
passing,Unclassified,1,1,2026,2026.txt
passion,Unclassified,1,1,2026,2026.txt
past,Unclassified,1,1,2026,2026.txt
pay,Unclassified,1,1,2026,2026.txt
peace,Unclassified,1,1,2026,2026.txt
peoples,Unclassified,1,1,2026,2026.txt
Peoples,Unclassified,1,1,2026,2026.txt
perched,Unclassified,1,1,2026,2026.txt
perfect,Unclassified,1,1,2026,2026.txt
perfecting,Unclassified,1,1,2026,2026.txt
perfectly,Unclassified,1,1,2026,2026.txt
Perhaps,Unclassified,1,1,2026,2026.txt
personalise,Unclassified,1,1,2026,2026.txt
personality,Unclassified,1,1,2026,2026.txt
personally,Unclassified,1,1,2026,2026.txt
pest,Unclassified,1,1,2026,2026.txt
pests,Unclassified,1,1,2026,2026.txt
phenomenon,Unclassified,1,1,2026,2026.txt
philosopher,Unclassified,1,1,2026,2026.txt
physically,Unclassified,1,1,2026,2026.txt
pick,Unclassified,1,1,2026,2026.txt
pickmeup,Unclassified,1,1,2026,2026.txt
pieces,Unclassified,1,1,2026,2026.txt
pigeon,Unclassified,1,1,2026,2026.txt
Pitcairn,Unclassified,1,1,2026,2026.txt
placement,Unclassified,1,1,2026,2026.txt
plan,Unclassified,1,1,2026,2026.txt
planned,Unclassified,1,1,2026,2026.txt
played,Unclassified,1,1,2026,2026.txt
players,Unclassified,1,1,2026,2026.txt
please,Unclassified,1,1,2026,2026.txt
plenty,Unclassified,1,1,2026,2026.txt
plunge,Unclassified,1,1,2026,2026.txt
Plus,Unclassified,1,1,2026,2026.txt
political,Unclassified,1,1,2026,2026.txt
popular,Unclassified,1,1,2026,2026.txt
position,Unclassified,1,1,2026,2026.txt
possibility,Unclassified,1,1,2026,2026.txt
possibly,Unclassified,1,1,2026,2026.txt
post,Unclassified,1,1,2026,2026.txt
posted,Unclassified,1,1,2026,2026.txt
powerful,Unclassified,1,1,2026,2026.txt
ppl,Unclassified,1,1,2026,2026.txt
predict,Unclassified,1,1,2026,2026.txt
preexisting,Unclassified,1,1,2026,2026.txt
prejudices,Unclassified,1,1,2026,2026.txt
preliminary,Unclassified,1,1,2026,2026.txt
prepares,Unclassified,1,1,2026,2026.txt
presence,Unclassified,1,1,2026,2026.txt
presences,Unclassified,1,1,2026,2026.txt
pressed,Unclassified,1,1,2026,2026.txt
pressure,Unclassified,1,1,2026,2026.txt
previous,Unclassified,1,1,2026,2026.txt
prints,Unclassified,1,1,2026,2026.txt
procedure,Unclassified,1,1,2026,2026.txt
production,Unclassified,1,1,2026,2026.txt
prompted,Unclassified,1,1,2026,2026.txt
promptly,Unclassified,1,1,2026,2026.txt
pronounced,Unclassified,1,1,2026,2026.txt
proper,Unclassified,1,1,2026,2026.txt
proposals,Unclassified,1,1,2026,2026.txt
proposed,Unclassified,1,1,2026,2026.txt
proud,Unclassified,1,1,2026,2026.txt
proved,Unclassified,1,1,2026,2026.txt
provincial,Unclassified,1,1,2026,2026.txt
provisional,Unclassified,1,1,2026,2026.txt
public,Unclassified,1,1,2026,2026.txt
publicity,Unclassified,1,1,2026,2026.txt
pudding,Unclassified,1,1,2026,2026.txt
pulled,Unclassified,1,1,2026,2026.txt
pure,Unclassified,1,1,2026,2026.txt
purely,Unclassified,1,1,2026,2026.txt
push,Unclassified,1,1,2026,2026.txt
Pustakawan,Unclassified,1,1,2026,2026.txt
quest,Unclassified,1,1,2026,2026.txt
quick,Unclassified,1,1,2026,2026.txt
quickly,Unclassified,1,1,2026,2026.txt
quiet,Unclassified,1,1,2026,2026.txt
quietly,Unclassified,1,1,2026,2026.txt
quietude,Unclassified,1,1,2026,2026.txt
race,Unclassified,1,1,2026,2026.txt
ragtag,Unclassified,1,1,2026,2026.txt
raise,Unclassified,1,1,2026,2026.txt
ran,Unclassified,1,1,2026,2026.txt
range,Unclassified,1,1,2026,2026.txt
reach,Unclassified,1,1,2026,2026.txt
reaching,Unclassified,1,1,2026,2026.txt
reactions,Unclassified,1,1,2026,2026.txt
reading,Unclassified,1,1,2026,2026.txt
ready,Unclassified,1,1,2026,2026.txt
rebel,Unclassified,1,1,2026,2026.txt
receive,Unclassified,1,1,2026,2026.txt
received,Unclassified,1,1,2026,2026.txt
recent,Unclassified,1,1,2026,2026.txt
receptive,Unclassified,1,1,2026,2026.txt
reckon,Unclassified,1,1,2026,2026.txt
recommend,Unclassified,1,1,2026,2026.txt
recommendations,Unclassified,1,1,2026,2026.txt
records,Unclassified,1,1,2026,2026.txt
recreated,Unclassified,1,1,2026,2026.txt
refer,Unclassified,1,1,2026,2026.txt
refreshing,Unclassified,1,1,2026,2026.txt
regard,Unclassified,1,1,2026,2026.txt
register,Unclassified,1,1,2026,2026.txt
regularly,Unclassified,1,1,2026,2026.txt
regulars,Unclassified,1,1,2026,2026.txt
regulates,Unclassified,1,1,2026,2026.txt
relatively,Unclassified,1,1,2026,2026.txt
released,Unclassified,1,1,2026,2026.txt
remain,Unclassified,1,1,2026,2026.txt
remake,Unclassified,1,1,2026,2026.txt
remarkably,Unclassified,1,1,2026,2026.txt
remembered,Unclassified,1,1,2026,2026.txt
remind,Unclassified,1,1,2026,2026.txt
remote,Unclassified,1,1,2026,2026.txt
repeats,Unclassified,1,1,2026,2026.txt
repurpose,Unclassified,1,1,2026,2026.txt
reputation,Unclassified,1,1,2026,2026.txt
require,Unclassified,1,1,2026,2026.txt
required,Unclassified,1,1,2026,2026.txt
reservations,Unclassified,1,1,2026,2026.txt
resistance,Unclassified,1,1,2026,2026.txt
respond,Unclassified,1,1,2026,2026.txt
restaurant,Unclassified,1,1,2026,2026.txt
results,Unclassified,1,1,2026,2026.txt
resuscitate,Unclassified,1,1,2026,2026.txt
return,Unclassified,1,1,2026,2026.txt
Review,Unclassified,1,1,2026,2026.txt
revive,Unclassified,1,1,2026,2026.txt
rewards,Unclassified,1,1,2026,2026.txt
risks,Unclassified,1,1,2026,2026.txt
risktaking,Unclassified,1,1,2026,2026.txt
Rita,Unclassified,1,1,2026,2026.txt
rivals,Unclassified,1,1,2026,2026.txt
road,Unclassified,1,1,2026,2026.txt
romantic,Unclassified,1,1,2026,2026.txt
room,Unclassified,1,1,2026,2026.txt
rotate,Unclassified,1,1,2026,2026.txt
roughly,Unclassified,1,1,2026,2026.txt
round,Unclassified,1,1,2026,2026.txt
routine,Unclassified,1,1,2026,2026.txt
rulebased,Unclassified,1,1,2026,2026.txt
running,Unclassified,1,1,2026,2026.txt
rush,Unclassified,1,1,2026,2026.txt
rusty,Unclassified,1,1,2026,2026.txt
Ryukyuan,Unclassified,1,1,2026,2026.txt
safe,Unclassified,1,1,2026,2026.txt
Sally,Unclassified,1,1,2026,2026.txt
Santayana,Unclassified,1,1,2026,2026.txt
Saturday,Unclassified,1,1,2026,2026.txt
saved,Unclassified,1,1,2026,2026.txt
says,Unclassified,1,1,2026,2026.txt
Scaling,Unclassified,1,1,2026,2026.txt
Scandal,Unclassified,1,1,2026,2026.txt
scary,Unclassified,1,1,2026,2026.txt
schedule,Unclassified,1,1,2026,2026.txt
Schedule,Unclassified,1,1,2026,2026.txt
school,Unclassified,1,1,2026,2026.txt
schools,Unclassified,1,1,2026,2026.txt
scratch,Unclassified,1,1,2026,2026.txt
screen,Unclassified,1,1,2026,2026.txt
screens,Unclassified,1,1,2026,2026.txt
script,Unclassified,1,1,2026,2026.txt
seal,Unclassified,1,1,2026,2026.txt
seamless,Unclassified,1,1,2026,2026.txt
searched,Unclassified,1,1,2026,2026.txt
secondary,Unclassified,1,1,2026,2026.txt
secondlargest,Unclassified,1,1,2026,2026.txt
Secondly,Unclassified,1,1,2026,2026.txt
secret,Unclassified,1,1,2026,2026.txt
secrets,Unclassified,1,1,2026,2026.txt
seem,Unclassified,1,1,2026,2026.txt
seems,Unclassified,1,1,2026,2026.txt
select,Unclassified,1,1,2026,2026.txt
self,Unclassified,1,1,2026,2026.txt
series,Unclassified,1,1,2026,2026.txt
seriously,Unclassified,1,1,2026,2026.txt
serving,Unclassified,1,1,2026,2026.txt
shake,Unclassified,1,1,2026,2026.txt
shaking,Unclassified,1,1,2026,2026.txt
shall,Unclassified,1,1,2026,2026.txt
shell,Unclassified,1,1,2026,2026.txt
shop,Unclassified,1,1,2026,2026.txt
shops,Unclassified,1,1,2026,2026.txt
sickly,Unclassified,1,1,2026,2026.txt
side,Unclassified,1,1,2026,2026.txt
sights,Unclassified,1,1,2026,2026.txt
significantly,Unclassified,1,1,2026,2026.txt
signs,Unclassified,1,1,2026,2026.txt
Silicon,Unclassified,1,1,2026,2026.txt
silkier,Unclassified,1,1,2026,2026.txt
Single,Unclassified,1,1,2026,2026.txt
sipped,Unclassified,1,1,2026,2026.txt
sitdown,Unclassified,1,1,2026,2026.txt
Situation,Unclassified,1,1,2026,2026.txt
skeptical,Unclassified,1,1,2026,2026.txt
sleep,Unclassified,1,1,2026,2026.txt
slightly,Unclassified,1,1,2026,2026.txt
slower,Unclassified,1,1,2026,2026.txt
smartphones,Unclassified,1,1,2026,2026.txt
smell,Unclassified,1,1,2026,2026.txt
smiling,Unclassified,1,1,2026,2026.txt
smoothie,Unclassified,1,1,2026,2026.txt
society,Unclassified,1,1,2026,2026.txt
soft,Unclassified,1,1,2026,2026.txt
somehow,Unclassified,1,1,2026,2026.txt
Sometimes,Unclassified,1,1,2026,2026.txt
Soon,Unclassified,1,1,2026,2026.txt
sorry,Unclassified,1,1,2026,2026.txt
sound,Unclassified,1,1,2026,2026.txt
Sounds,Unclassified,1,1,2026,2026.txt
South,Unclassified,1,1,2026,2026.txt
spaces,Unclassified,1,1,2026,2026.txt
Spain,Unclassified,1,1,2026,2026.txt
spare,Unclassified,1,1,2026,2026.txt
speakers,Unclassified,1,1,2026,2026.txt
specific,Unclassified,1,1,2026,2026.txt
specimens,Unclassified,1,1,2026,2026.txt
spike,Unclassified,1,1,2026,2026.txt
spins,Unclassified,1,1,2026,2026.txt
spot,Unclassified,1,1,2026,2026.txt
standard,Unclassified,1,1,2026,2026.txt
standing,Unclassified,1,1,2026,2026.txt
stands,Unclassified,1,1,2026,2026.txt
Start,Unclassified,1,1,2026,2026.txt
starting,Unclassified,1,1,2026,2026.txt
state,Unclassified,1,1,2026,2026.txt
states,Unclassified,1,1,2026,2026.txt
step,Unclassified,1,1,2026,2026.txt
stick,Unclassified,1,1,2026,2026.txt
sticks,Unclassified,1,1,2026,2026.txt
stifle,Unclassified,1,1,2026,2026.txt
store,Unclassified,1,1,2026,2026.txt
story,Unclassified,1,1,2026,2026.txt
Storyreading,Unclassified,1,1,2026,2026.txt
strange,Unclassified,1,1,2026,2026.txt
streams,Unclassified,1,1,2026,2026.txt
street,Unclassified,1,1,2026,2026.txt
streets,Unclassified,1,1,2026,2026.txt
strengthened,Unclassified,1,1,2026,2026.txt
strengths,Unclassified,1,1,2026,2026.txt
stressed,Unclassified,1,1,2026,2026.txt
stretch,Unclassified,1,1,2026,2026.txt
strongly,Unclassified,1,1,2026,2026.txt
struggled,Unclassified,1,1,2026,2026.txt
stuck,Unclassified,1,1,2026,2026.txt
study,Unclassified,1,1,2026,2026.txt
Submission,Unclassified,1,1,2026,2026.txt
subtler,Unclassified,1,1,2026,2026.txt
success,Unclassified,1,1,2026,2026.txt
suddenly,Unclassified,1,1,2026,2026.txt
sufficiently,Unclassified,1,1,2026,2026.txt
sugar,Unclassified,1,1,2026,2026.txt
sugary,Unclassified,1,1,2026,2026.txt
suggestions,Unclassified,1,1,2026,2026.txt
summary,Unclassified,1,1,2026,2026.txt
summer,Unclassified,1,1,2026,2026.txt
summoned,Unclassified,1,1,2026,2026.txt
Sunday,Unclassified,1,1,2026,2026.txt
superior,Unclassified,1,1,2026,2026.txt
support,Unclassified,1,1,2026,2026.txt
supposed,Unclassified,1,1,2026,2026.txt
surely,Unclassified,1,1,2026,2026.txt
surprise,Unclassified,1,1,2026,2026.txt
survey,Unclassified,1,1,2026,2026.txt
switch,Unclassified,1,1,2026,2026.txt
system,Unclassified,1,1,2026,2026.txt
tablet,Unclassified,1,1,2026,2026.txt
tackle,Unclassified,1,1,2026,2026.txt
takeoff,Unclassified,1,1,2026,2026.txt
talking,Unclassified,1,1,2026,2026.txt
tap,Unclassified,1,1,2026,2026.txt
target,Unclassified,1,1,2026,2026.txt
team,Unclassified,1,1,2026,2026.txt
tell,Unclassified,1,1,2026,2026.txt
telling,Unclassified,1,1,2026,2026.txt
temples,Unclassified,1,1,2026,2026.txt
tenderness,Unclassified,1,1,2026,2026.txt
term,Unclassified,1,1,2026,2026.txt
terrible,Unclassified,1,1,2026,2026.txt
test,Unclassified,1,1,2026,2026.txt
Texas,Unclassified,1,1,2026,2026.txt
texture,Unclassified,1,1,2026,2026.txt
Thank,Unclassified,1,1,2026,2026.txt
thanks,Unclassified,1,1,2026,2026.txt
thatll,Unclassified,1,1,2026,2026.txt
theorist,Unclassified,1,1,2026,2026.txt
theyre,Unclassified,1,1,2026,2026.txt
theyve,Unclassified,1,1,2026,2026.txt
Things,Unclassified,1,1,2026,2026.txt
third,Unclassified,1,1,2026,2026.txt
Though,Unclassified,1,1,2026,2026.txt
thoughts,Unclassified,1,1,2026,2026.txt
thousands,Unclassified,1,1,2026,2026.txt
three,Unclassified,1,1,2026,2026.txt
THREE,Unclassified,1,1,2026,2026.txt
throughout,Unclassified,1,1,2026,2026.txt
Thus,Unclassified,1,1,2026,2026.txt
tick,Unclassified,1,1,2026,2026.txt
till,Unclassified,1,1,2026,2026.txt
today,Unclassified,1,1,2026,2026.txt
todays,Unclassified,1,1,2026,2026.txt
toilet,Unclassified,1,1,2026,2026.txt
topic,Unclassified,1,1,2026,2026.txt
touch,Unclassified,1,1,2026,2026.txt
tourism,Unclassified,1,1,2026,2026.txt
toward,Unclassified,1,1,2026,2026.txt
traditional,Unclassified,1,1,2026,2026.txt
traditions,Unclassified,1,1,2026,2026.txt
traffic,Unclassified,1,1,2026,2026.txt
trained,Unclassified,1,1,2026,2026.txt
training,Unclassified,1,1,2026,2026.txt
Transcription,Unclassified,1,1,2026,2026.txt
transporting,Unclassified,1,1,2026,2026.txt
Traveling,Unclassified,1,1,2026,2026.txt
treatment,Unclassified,1,1,2026,2026.txt
treeless,Unclassified,1,1,2026,2026.txt
trend,Unclassified,1,1,2026,2026.txt
trends,Unclassified,1,1,2026,2026.txt
trick,Unclassified,1,1,2026,2026.txt
tricks,Unclassified,1,1,2026,2026.txt
tried,Unclassified,1,1,2026,2026.txt
trips,Unclassified,1,1,2026,2026.txt
trouble,Unclassified,1,1,2026,2026.txt
trust,Unclassified,1,1,2026,2026.txt
Try,Unclassified,1,1,2026,2026.txt
trying,Unclassified,1,1,2026,2026.txt
Tues,Unclassified,1,1,2026,2026.txt
turning,Unclassified,1,1,2026,2026.txt
turns,Unclassified,1,1,2026,2026.txt
Two,Unclassified,1,1,2026,2026.txt
typically,Unclassified,1,1,2026,2026.txt
Ulan,Unclassified,1,1,2026,2026.txt
uncanny,Unclassified,1,1,2026,2026.txt
uncaring,Unclassified,1,1,2026,2026.txt
uncommon,Unclassified,1,1,2026,2026.txt
undimmed,Unclassified,1,1,2026,2026.txt
unfamiliar,Unclassified,1,1,2026,2026.txt
unfolding,Unclassified,1,1,2026,2026.txt
unhealthy,Unclassified,1,1,2026,2026.txt
universal,Unclassified,1,1,2026,2026.txt
unknowing,Unclassified,1,1,2026,2026.txt
unknown,Unclassified,1,1,2026,2026.txt
until,Unclassified,1,1,2026,2026.txt
updated,Unclassified,1,1,2026,2026.txt
upfront,Unclassified,1,1,2026,2026.txt
uploading,Unclassified,1,1,2026,2026.txt
upper,Unclassified,1,1,2026,2026.txt
upside,Unclassified,1,1,2026,2026.txt
urgencies,Unclassified,1,1,2026,2026.txt
user,Unclassified,1,1,2026,2026.txt
users,Unclassified,1,1,2026,2026.txt
uses,Unclassified,1,1,2026,2026.txt
utmost,Unclassified,1,1,2026,2026.txt
Vacation,Unclassified,1,1,2026,2026.txt
Valley,Unclassified,1,1,2026,2026.txt
Variously,Unclassified,1,1,2026,2026.txt
vast,Unclassified,1,1,2026,2026.txt
versatility,Unclassified,1,1,2026,2026.txt
view,Unclassified,1,1,2026,2026.txt
viewing,Unclassified,1,1,2026,2026.txt
views,Unclassified,1,1,2026,2026.txt
vinyl,Unclassified,1,1,2026,2026.txt
visiting,Unclassified,1,1,2026,2026.txt
visually,Unclassified,1,1,2026,2026.txt
voice,Unclassified,1,1,2026,2026.txt
volunteering,Unclassified,1,1,2026,2026.txt
wail,Unclassified,1,1,2026,2026.txt
walk,Unclassified,1,1,2026,2026.txt
walking,Unclassified,1,1,2026,2026.txt
wandered,Unclassified,1,1,2026,2026.txt
ways,Unclassified,1,1,2026,2026.txt
wearing,Unclassified,1,1,2026,2026.txt
wed,Unclassified,1,1,2026,2026.txt
weekend,Unclassified,1,1,2026,2026.txt
weeks,Unclassified,1,1,2026,2026.txt
welcoming,Unclassified,1,1,2026,2026.txt
Weve,Unclassified,1,1,2026,2026.txt
whimsy,Unclassified,1,1,2026,2026.txt
whining,Unclassified,1,1,2026,2026.txt
whirls,Unclassified,1,1,2026,2026.txt
Whose,Unclassified,1,1,2026,2026.txt
wide,Unclassified,1,1,2026,2026.txt
wider,Unclassified,1,1,2026,2026.txt
widest,Unclassified,1,1,2026,2026.txt
Wilson,Unclassified,1,1,2026,2026.txt
within,Unclassified,1,1,2026,2026.txt
wolf,Unclassified,1,1,2026,2026.txt
wonder,Unclassified,1,1,2026,2026.txt
wonderful,Unclassified,1,1,2026,2026.txt
word,Unclassified,1,1,2026,2026.txt
worked,Unclassified,1,1,2026,2026.txt
workers,Unclassified,1,1,2026,2026.txt
worldwide,Unclassified,1,1,2026,2026.txt
worse,Unclassified,1,1,2026,2026.txt
Wouldnt,Unclassified,1,1,2026,2026.txt
Write,Unclassified,1,1,2026,2026.txt
writing,Unclassified,1,1,2026,2026.txt
wrong,Unclassified,1,1,2026,2026.txt
yagmanx,Unclassified,1,1,2026,2026.txt
Yasmin,Unclassified,1,1,2026,2026.txt
years,Unclassified,1,1,2026,2026.txt
Yep,Unclassified,1,1,2026,2026.txt
yesterday,Unclassified,1,1,2026,2026.txt
Yeung,Unclassified,1,1,2026,2026.txt
York,Unclassified,1,1,2026,2026.txt
young,Unclassified,1,1,2026,2026.txt
younger,Unclassified,1,1,2026,2026.txt
