Word,CEFR_Level,Frequency
across,A1,17
action,A1,15
activity,A1,56
actor,A1,3
actress,A1,2
add,A1,33
adjacent to,A1,
Admiralty,A1,
advice,A1,19
afraid,A1,9
agree,A1,72
air,A1,15
airport,A1,8
angry,A1,4
anyone,A1,10
apartment,A1,4
apple,A1,1
April,A1,
around,A1,82
arrive,A1,16
art,A1,7
article,A1,71
artist,A1,17
AsiaWorld-Expo,A1,
August,A1,
Austin,A1,
Australia,A1,
autumn,A1,1
away,A1,32
ball,A1,1
band,A1,19
bath,A1,1
bathroom,A1,2
beach,A1,12
bed,A1,2
bedroom,A1,3
beer,A1,1
behind,A1,20
behind,A1,
between,A1,
bicycle,A1,1
bird,A1,10
birthday,A1,3
black,A1,7
blog,A1,14
blue,A1,3
boat,A1,3
body,A1,20
bottle,A1,2
bottom,A1,
box,A1,5
boyfriend,A1,1
bread,A1,1
break,A1,23
breakfast,A1,6
brown,A1,1
business,A1,56
busy,A1,6
butter,A1,1
café,A1,19
cake,A1,1
camera,A1,10
Canada,A1,
capital,A1,3
career,A1,20
carry,A1,17
Causeway Bay,A1,
Causeway Bay,A1,
Central,A1,
century,A1,8
Che Kung Temple,A1,
cheaper,A1,2
cheapest,A1,2
cheese,A1,2
Chek Lap Kok,A1,
chicken,A1,6
China,A1,
cinema,A1,9
class,A1,26
classroom,A1,8
cleverest,A1,1
club,A1,2
coat,A1,1
coffee,A1,3
college,A1,8
colour,A1,9
common,A1,10
company,A1,68
compare,A1,9
conversation,A1,4
corner,A1,
correct,A1,5
corridor,A1,
cost,A1,31
course,A1,62
cousin,A1,3
cow,A1,1
Croatia,A1,
cross,A1,
culture,A1,35
cup,A1,1
customer,A1,35
Cyberport,A1,
dance,A1,10
dancer,A1,3
dangerous,A1,11
December,A1,
decide,A1,48
describe,A1,20
description,A1,5
design,A1,36
desk,A1,17
Diamond Hill,A1,
dictionary,A1,2
diet,A1,2
difference,A1,8
different,A1,65
dinner,A1,3
discuss,A1,20
dish,A1,5
draw,A1,16
dress,A1,5
drink,A1,3
ear,A1,2
easier,A1,4
elephant,A1,1
else,A1,11
email,A1,121
enjoy,A1,39
event,A1,79
every,A1,43
everybody,A1,5
everyone,A1,30
exam,A1,4
exercise,A1,11
Exhibition Centre,A1,
expensive,A1,13
explain,A1,50
fact,A1,35
famous,A1,21
fantastic,A1,7
farmer,A1,10
faster,A1,1
favourite,A1,9
February,A1,
festival,A1,2
flight,A1,4
floor,A1,5
flower,A1,1
foot,A1,5
football,A1,3
forget,A1,19
form,A1,29
Fortress Point,A1,
France,A1,
Friday,A1,
friendly,A1,4
fruit,A1,2
funny,A1,3
garden,A1,6
Germany,A1,
girlfriend,A1,2
glass,A1,21
go past,A1,
go straight ahead,A1,
goodbye,A1,1
grandfather,A1,1
grandmother,A1,2
grandparent,A1,4
great,A1,1
green,A1,19
grey,A1,4
group,A1,53
guess,A1,13
guitar,A1,1
hair,A1,7
happier,A1,5
hat,A1,4
health,A1,14
healthy,A1,12
help,A1,1
hike,A1,1
history,A1,20
hobby,A1,3
holiday,A1,12
homework,A1,3
Hong Kong,A1,
horse,A1,9
hospital,A1,10
hotel,A1,25
however,A1,29
hungry,A1,1
husband,A1,4
ice,A1,11
ice cream,A1,1
idea,A1,1
imagine,A1,11
important,A1,41
improve,A1,18
in front of,A1,
information,A1,70
interest,A1,64
internet,A1,10
interview,A1,53
introduce,A1,7
island,A1,8
Italy,A1,
jacket,A1,2
January,A1,
join,A1,19
Jordan,A1,
journey,A1,5
juice,A1,1
July,A1,
June,A1,
Kai Tak,A1,
Kennedy Town,A1,
kitchen,A1,32
Kowloon Tong,A1,
Lamma Island,A1,
Lantau Island,A1,
laugh,A1,5
lesson,A1,20
letter,A1,28
library,A1,27
lion,A1,1
Lion Rock,A1,
list,A1,12
listen,A1,34
longer,A1,16
LOUAS Park,A1,
lunch,A1,7
M+ Museum,A1,
machine,A1,15
magazine,A1,28
Mai Po,A1,
main,A1,23
Malaysia,A1,
March,A1,
match,A1,6
May,A1,
meal,A1,6
meat,A1,2
member,A1,24
menu,A1,1
message,A1,40
metre,A1,7
midnight,A1,3
mile,A1,3
milk,A1,1
modern,A1,14
moment,A1,12
Monday,A1,
Mong Kok,A1,
mountain,A1,9
movie,A1,20
museum,A1,36
music,A1,17
natural,A1,11
near,A1,19
nearest,A1,2
news,A1,26
newspaper,A1,13
nobody,A1,6
north,A1,3
North Point,A1,
nose,A1,1
not,A1,1
November,A1,
nurse,A1,14
October,A1,
okay,A1,4
older,A1,5
oldest,A1,2
Olyampic,A1,
onion,A1,1
online,A1,58
opinion,A1,7
opposite,A1,2
opposite,A1,
orange,A1,2
order,A1,17
pair,A1,5
panda,A1,1
partner,A1,7
party,A1,5
passport,A1,1
pencil,A1,3
people,A1,1
pepper,A1,2
perfect,A1,13
period,A1,6
personal,A1,14
photo,A1,22
phrase,A1,2
piano,A1,12
piece,A1,17
plan,A1,18
plane,A1,2
player,A1,26
pool,A1,23
popular,A1,40
possible,A1,28
post,A1,53
potato,A1,7
pound,A1,2
practice,A1,19
practise,A1,4
prefer,A1,5
prepare,A1,12
pretty,A1,13
Prince Edward,A1,
product,A1,35
programme,A1,8
purple,A1,2
Quarry Bay,A1,
quick,A1,7
quickly,A1,11
quiet,A1,20
Race course,A1,
radio,A1,10
reader,A1,25
ready,A1,11
real,A1,44
reason,A1,25
red,A1,4
relax,A1,6
restaurant,A1,31
return,A1,10
rice,A1,6
road,A1,12
safer,A1,3
salt,A1,5
sandwich,A1,5
Saturday,A1,
schoolmate,A1,1
science,A1,28
scientist,A1,4
sea,A1,1
sell,A1,1
September,A1,
Sham Shui Po,A1,
Shek Kip Mei,A1,
shirt,A1,1
shoe,A1,3
shorter,A1,2
shower,A1,2
Shung Wong Toi,A1,
sick,A1,3
similar,A1,17
sing,A1,6
Singapore,A1,
singer,A1,10
situation,A1,19
skill,A1,21
skirt,A1,2
smaller,A1,7
smallest,A1,2
snake,A1,15
soda,A1,1
somebody,A1,2
someone,A1,33
song,A1,10
sorry,A1,3
soup,A1,1
south,A1,2
South Korea,A1,
space,A1,35
Spain,A1,
special,A1,50
sport,A1,54
statement,A1,3
station,A1,6
story,A1,17
street,A1,28
strong,A1,13
student,A1,1
study,A1,37
style,A1,11
subway,A1,1
success,A1,16
sugar,A1,12
summer,A1,16
Sunday,A1,
supermarket,A1,1
sweeter,A1,1
Switzerland,A1,
Tai Koo,A1,
Tai O,A1,
tallest,A1,1
taxi,A1,3
tea,A1,4
teach,A1,10
team,A1,31
teenager,A1,13
telephone,A1,1
television,A1,9
ten,A1,1
tennis,A1,13
terrible,A1,8
test,A1,18
Thailand,A1,
thank,A1,49
The Peak,A1,
The United Kingdom,A1,
The USA,A1,
theatre,A1,2
thirdly,A1,2
Thursday,A1,
ticket,A1,24
together,A1,28
toilet,A1,7
top,A1,
topic,A1,12
tourist,A1,31
traffic,A1,8
travel,A1,31
tree,A1,6
Tsim Sha Tsui,A1,
Tuen Mun,A1,
Tuesday,A1,
turn left,A1,
turn right,A1,
twice,A1,4
umbrella,A1,6
university,A1,12
useful,A1,15
vacation,A1,1
vegetable,A1,8
Victoria Harbour,A1,
video,A1,61
village,A1,19
visit,A1,23
visitor,A1,20
wake,A1,3
walk along,A1,
Wan Chai,A1,
warmer,A1,2
wear,A1,11
weather,A1,14
website,A1,51
Wednesday,A1,
west,A1,3
West Kowloon Cultural District,A1,
Whampoa,A1,
white,A1,1
wife,A1,3
window,A1,6
wine,A1,3
winter,A1,6
without,A1,37
wonderful,A1,10
worker,A1,13
worksheet,A1,2
would,A1,1
writer,A1,16
years,A1,1
yellow,A1,3
yes,A1,53
zoo,A1,2
ability,A2,14
able,A2,37
abroad,A2,2
accept,A2,13
accident,A2,15
achieve,A2,10
active,A2,4
actually,A2,31
adult,A2,23
advantage,A2,9
adventure,A2,8
advertise,A2,8
advertisement,A2,14
affect,A2,4
afterward,A2,1
airline,A2,1
alive,A2,8
allow,A2,28
alone,A2,16
along,A2,16
although,A2,13
among,A2,15
ancient,A2,6
ankle,A2,2
anybody,A2,3
anymore,A2,4
anyway,A2,2
anywhere,A2,3
app,A2,4
appearance,A2,5
apply,A2,20
architect,A2,2
architecture,A2,1
argue,A2,16
argument,A2,8
army,A2,13
arrange,A2,4
arrangement,A2,7
asian,A2,41
asleep,A2,4
assistant,A2,14
astronaut,A2,2
athlete,A2,9
attack,A2,19
attend,A2,10
attention,A2,34
attractive,A2,4
audience,A2,11
author,A2,18
available,A2,29
avoid,A2,13
awful,A2,2
background,A2,12
badly,A2,4
barbeque,A2,1
basketball,A2,1
beef,A2,2
beginner,A2,6
behave,A2,3
behaviour,A2,3
belong,A2,3
biology,A2,1
blood,A2,1
blueberry,A2,2
boil,A2,1
bone,A2,2
borrow,A2,17
boss,A2,1
brain,A2,16
bright,A2,6
brilliant,A2,8
british,A2,7
brush,A2,2
calendar,A2,3
camp,A2,10
candy,A2,4
careful,A2,6
carpet,A2,3
case,A2,23
cash,A2,2
castle,A2,4
cause,A2,30
celebrate,A2,3
celebrity,A2,26
center,A2,4
certain,A2,6
chance,A2,21
character,A2,23
charity,A2,15
chat,A2,35
check,A2,31
chef,A2,26
chess,A2,2
chilli,A2,1
choice,A2,17
cigarette,A2,2
circle,A2,3
classical,A2,1
classmate,A2,3
cleaner,A2,1
clearest,A2,1
clearly,A2,15
clever,A2,2
climate,A2,6
cloud,A2,4
code,A2,1
colleague,A2,2
collect,A2,14
comfortable,A2,4
communicate,A2,6
community,A2,23
compete,A2,11
competition,A2,21
complain,A2,12
completely,A2,7
condition,A2,19
conference,A2,16
congratulation,A2,3
connect,A2,10
contain,A2,8
context,A2,3
control,A2,16
cook,A2,22
cooks,A2,1
copy,A2,7
corner,A2,3
correctly,A2,1
couch,A2,4
couple,A2,11
crazy,A2,8
creative,A2,10
crime,A2,3
cross,A2,5
crowd,A2,9
cupboard,A2,8
cupcake,A2,1
curl,A2,1
danger,A2,10
dark,A2,2
darker,A2,1
data,A2,1
dead,A2,10
dear,A2,3
death,A2,8
decision,A2,17
deeper,A2,1
deepest,A2,1
degree,A2,11
department,A2,7
depend,A2,7
designer,A2,6
destroy,A2,10
develop,A2,25
device,A2,5
diary,A2,3
digital,A2,10
diploma,A2,3
direction,A2,3
director,A2,10
disagree,A2,6
disappear,A2,3
disaster,A2,5
discover,A2,9
discovery,A2,5
discussion,A2,14
disease,A2,3
distance,A2,7
download,A2,2
downstairs,A2,1
dragon,A2,3
drama,A2,4
drawing,A2,1
dream,A2,17
drive,A2,20
drug,A2,1
dry,A2,7
earth,A2,11
easily,A2,4
education,A2,19
effect,A2,22
eighth,A2,1
electric,A2,1
electrical,A2,1
electricity,A2,8
electronic,A2,3
emoji,A2,3
employ,A2,2
employee,A2,15
employer,A2,2
energy,A2,10
engine,A2,3
engineer,A2,11
enormous,A2,1
enter,A2,14
environment,A2,33
equipment,A2,12
error,A2,8
especially,A2,24
essay,A2,2
everyday,A2,2
everywhere,A2,9
evidence,A2,21
exact,A2,2
exactly,A2,13
excellent,A2,9
exist,A2,17
expert,A2,19
explanation,A2,3
express,A2,18
expression,A2,6
extremely,A2,7
factor,A2,5
factory,A2,14
fail,A2,9
fair,A2,7
fan,A2,37
farm,A2,10
fashion,A2,6
female,A2,2
fiction,A2,18
field,A2,9
fight,A2,12
film,A2,52
final,A2,9
finally,A2,36
finger,A2,6
finish,A2,23
firstly,A2,3
fish,A2,12
flat,A2,6
flu,A2,1
fly,A2,3
focus,A2,52
foreign,A2,6
forest,A2,3
fork,A2,1
formal,A2,2
fortunately,A2,3
french,A2,3
fresh,A2,6
fridge,A2,1
friendliest,A2,4
frog,A2,4
fun,A2,25
furniture,A2,1
gallery,A2,4
gamer,A2,2
gap,A2,3
gas,A2,4
gate,A2,3
general,A2,11
gift,A2,5
goal,A2,14
god,A2,9
gold,A2,2
government,A2,52
grammar,A2,1
grandchild,A2,2
granddaughter,A2,1
grandpa,A2,1
grandson,A2,1
granny,A2,1
greatest,A2,1
greet,A2,3
ground,A2,3
guest,A2,33
guide,A2,43
guidebook,A2,2
habit,A2,5
half,A2,6
hall,A2,1
handbook,A2,5
happily,A2,2
harder,A2,2
hardest,A2,1
headache,A2,3
healthier,A2,1
healthiest,A2,1
heart,A2,1
heat,A2,5
heavy,A2,16
height,A2,1
helpful,A2,4
hero,A2,2
hide,A2,3
highest,A2,3
hit,A2,6
hole,A2,3
honey,A2,14
hongkongers,A2,1
hotline,A2,3
hotter,A2,1
housewife,A2,1
huge,A2,16
hunter,A2,2
identify,A2,10
image,A2,18
immediately,A2,11
impossible,A2,9
increase,A2,26
incredible,A2,3
independent,A2,7
indian,A2,3
individual,A2,11
industry,A2,39
injury,A2,3
insect,A2,22
instead,A2,28
instruction,A2,3
instructor,A2,8
instrument,A2,4
intelligent,A2,1
international,A2,9
introduction,A2,8
invent,A2,1
invention,A2,2
invitation,A2,4
invite,A2,15
involve,A2,23
ipad,A2,1
italian,A2,2
item,A2,27
jam,A2,3
japanese,A2,6
joke,A2,4
journalist,A2,1
jump,A2,3
ketchup,A2,1
kilogram,A2,1
kinder,A2,1
king,A2,1
kite,A2,21
knee,A2,1
knife,A2,4
knowledge,A2,7
korean,A2,11
lab,A2,1
lady,A2,5
lake,A2,4
land,A2,12
laptop,A2,1
larger,A2,3
largest,A2,2
later,A2,17
law,A2,12
lawyer,A2,1
lazy,A2,1
leader,A2,7
lecture,A2,2
lend,A2,4
librarian,A2,2
lifestyle,A2,4
lift,A2,12
light,A2,48
likely,A2,22
link,A2,12
listener,A2,4
lobster,A2,1
lock,A2,2
lorry,A2,2
loud,A2,2
lovely,A2,3
luck,A2,20
lucky,A2,30
luggage,A2,1
lunchtime,A2,2
mail,A2,1
major,A2,11
makeup,A2,1
manage,A2,9
manager,A2,7
manner,A2,3
marry,A2,10
mathematics,A2,1
matter,A2,23
medical,A2,6
medicals,A2,1
medicine,A2,6
memory,A2,4
metal,A2,11
method,A2,7
middle,A2,3
mind,A2,16
mini,A2,2
minus,A2,1
mirror,A2,2
mobile,A2,8
mostly,A2,5
movement,A2,5
mug,A2,1
mushroom,A2,3
musician,A2,6
nature,A2,24
nearly,A2,11
necessary,A2,3
nervous,A2,2
network,A2,9
noise,A2,6
noisy,A2,6
none,A2,3
noodle,A2,6
normally,A2,1
notepad,A2,1
notice,A2,22
nowhere,A2,1
number,A2,1
officer,A2,1
oil,A2,1
onto,A2,14
opportunity,A2,16
option,A2,9
ordinary,A2,4
organization,A2,10
organize,A2,12
orion,A2,1
oven,A2,6
owner,A2,33
pain,A2,8
painter,A2,1
particular,A2,6
passenger,A2,3
pattern,A2,3
peace,A2,3
per,A2,7
perform,A2,14
permission,A2,5
personality,A2,4
pet,A2,68
photograph,A2,9
physical,A2,6
pillow,A2,1
planet,A2,19
plant,A2,58
plastic,A2,24
plate,A2,1
platform,A2,4
playground,A2,3
pocket,A2,1
polite,A2,3
pollution,A2,5
population,A2,6
possession,A2,1
possibility,A2,7
poster,A2,31
predict,A2,4
president,A2,2
prevent,A2,9
prison,A2,6
prize,A2,13
professor,A2,11
profile,A2,1
programmed,A2,6
promise,A2,6
pronounce,A2,1
protect,A2,18
provide,A2,36
public,A2,50
publish,A2,18
purpose,A2,9
purse,A2,1
quality,A2,16
quietest,A2,1
quietly,A2,2
quiz,A2,10
rabbit,A2,2
railroad,A2,1
railway,A2,2
raise,A2,23
rather,A2,18
react,A2,1
realize,A2,6
receive,A2,23
recent,A2,37
recently,A2,25
reception,A2,1
recipe,A2,14
recognize,A2,10
recommend,A2,10
record,A2,19
recycle,A2,45
reduce,A2,21
refuse,A2,5
region,A2,1
regular,A2,13
relationship,A2,14
remove,A2,6
replace,A2,8
reply,A2,20
report,A2,16
reporter,A2,13
research,A2,28
researcher,A2,7
respond,A2,8
response,A2,22
rest,A2,11
review,A2,16
ride,A2,3
roast,A2,2
role,A2,21
roof,A2,9
route,A2,2
rubbish,A2,19
rude,A2,1
sadly,A2,3
safe,A2,13
sale,A2,20
sauce,A2,6
sausage,A2,1
scared,A2,1
scary,A2,2
scene,A2,15
schoolkids,A2,1
search,A2,11
season,A2,6
secondly,A2,3
secret,A2,3
secretary,A2,1
semester,A2,1
series,A2,10
serious,A2,15
service,A2,27
shampoo,A2,1
shanghai,A2,2
shelve,A2,1
shopper,A2,2
shoulder,A2,2
shout,A2,3
shut,A2,4
sign,A2,40
silver,A2,9
simpler,A2,1
single,A2,13
singular,A2,1
site,A2,18
size,A2,5
ski,A2,4
skin,A2,6
skying,A2,1
sleep,A2,7
slowly,A2,7
smartphone,A2,2
smartphones,A2,1
smartwatch,A2,1
smell,A2,5
smile,A2,11
smoke,A2,5
snack,A2,4
soap,A2,1
social,A2,40
society,A2,26
sofa,A2,1
soft,A2,4
soldier,A2,4
solution,A2,12
solve,A2,11
somewhere,A2,7
spa,A2,3
spaceman,A2,1
spaghetti,A2,1
speaker,A2,6
specific,A2,7
speech,A2,13
spider,A2,7
square,A2,2
stair,A2,4
stamp,A2,1
star,A2,14
steak,A2,1
steal,A2,3
stone,A2,8
storm,A2,11
straight,A2,4
strange,A2,7
strangest,A2,1
strategy,A2,3
stress,A2,10
stronger,A2,6
strongest,A2,2
stupid,A2,6
succeed,A2,6
successful,A2,13
suddenly,A2,6
suggest,A2,45
suggestion,A2,29
sunglasses,A2,1
superlative,A2,1
support,A2,24
suppose,A2,11
sure,A2,81
surname,A2,2
surprise,A2,11
sushi,A2,1
sweet,A2,5
symbol,A2,1
system,A2,33
tablet,A2,5
task,A2,43
taste,A2,4
teammate,A2,1
technology,A2,32
teen,A2,5
teenage,A2,1
teeth,A2,1
temperature,A2,15
theater,A2,1
thick,A2,7
throw,A2,13
tick,A2,1
tie,A2,3
tool,A2,6
tourism,A2,22
towards,A2,16
towel,A2,4
tower,A2,1
tradition,A2,11
traditional,A2,17
trainer,A2,11
traveller,A2,2
truck,A2,51
twentieth,A2,2
twin,A2,1
typical,A2,5
underground,A2,6
unfortunately,A2,3
unhappy,A2,1
uniform,A2,3
unusual,A2,10
user,A2,3
usual,A2,6
variety,A2,14
vehicle,A2,16
virus,A2,1
vocabulary,A2,1
voice,A2,11
volleyball,A2,1
walking,A2,1
wallet,A2,1
war,A2,6
wash,A2,4
web,A2,2
webpage,A2,17
wedding,A2,2
weekday,A2,2
weight,A2,6
welcome,A2,8
wet,A2,1
wheel,A2,4
wide,A2,12
wild,A2,31
windy,A2,2
winner,A2,7
wish,A2,10
wood,A2,9
wooden,A2,2
wow,A2,5
zero,A2,1
absolutely,B1,4
access,B1,14
accommodation,B1,2
achievement,B1,15
act,B1,10
addition,B1,5
additionally,B1,
additionally,B1,
admin,B1,1
admit,B1,5
adopter,B1,1
advert,B1,7
advertiser,B1,4
advise,B1,7
advisor,B1,2
afford,B1,2
age,B1,23
agent,B1,6
agreement,B1,1
ahead,B1,8
aim,B1,6
album,B1,2
alcohol,B1,3
alternative,B1,8
alternatively,B1,
amaze,B1,12
ambition,B1,2
ambitious,B1,1
amongst,B1,2
analysis,B1,2
announce,B1,14
announcement,B1,8
annoy,B1,3
anytime,B1,2
apart,B1,7
apart from this,B1,
apart from this,B1,
ape,B1,1
apologise,B1,1
apologize,B1,4
application,B1,7
appointment,B1,3
appreciate,B1,6
approximately,B1,3
arrest,B1,1
arrival,B1,5
aspirin,B1,1
assist,B1,7
atmosphere,B1,13
attach,B1,13
attacker,B1,1
attendee,B1,1
attitude,B1,7
attract,B1,14
attraction,B1,6
australian,B1,1
average,B1,9
awake,B1,1
award,B1,5
aware,B1,7
backpack,B1,1
backwards,B1,1
baggage,B1,2
bake,B1,4
balance,B1,8
balcony,B1,2
ballpark,B1,1
bamboo,B1,3
ban,B1,1
bank,B1,10
barber,B1,1
base,B1,14
basic,B1,15
basis,B1,4
bathtub,B1,1
battery,B1,1
beautifully,B1,1
beauty,B1,3
beep,B1,2
belief,B1,8
bell,B1,1
belly,B1,1
bend,B1,2
benefit,B1,27
besides,B1,
better,B1,65
biologist,B1,4
bite,B1,4
blacken,B1,1
block,B1,3
blogger,B1,3
board,B1,21
booth,B1,1
bore,B1,17
borrower,B1,1
bother,B1,2
boxy,B1,1
brake,B1,1
branch,B1,9
brand,B1,12
brazilian,B1,1
breath,B1,3
breathe,B1,1
brighter,B1,1
brightest,B1,1
broader,B1,2
brochure,B1,6
bubble,B1,1
builder,B1,1
bull,B1,10
bury,B1,2
businessperson,B1,1
butterfly,B1,2
buyer,B1,2
cage,B1,8
calculator,B1,1
calm,B1,1
campaign,B1,14
campfire,B1,2
campus,B1,6
canteen,B1,2
cantonese,B1,2
cap,B1,4
captain,B1,9
category,B1,2
ceiling,B1,2
central,B1,5
centre,B1,13
ceo,B1,1
ceremony,B1,8
chairperson,B1,1
champion,B1,1
channel,B1,3
chapter,B1,3
charge,B1,15
cheap,B1,2
cheat,B1,2
checklist,B1,1
checkpoint,B1,2
cheerful,B1,1
chemical,B1,1
chemist,B1,2
chest,B1,2
childhood,B1,6
chili,B1,2
chopstick,B1,1
circus,B1,4
claim,B1,8
clap,B1,1
clear,B1,24
clearer,B1,1
click,B1,15
client,B1,1
climb,B1,7
climber,B1,1
cloth,B1,2
clue,B1,5
coach,B1,4
cod,B1,1
coin,B1,2
collection,B1,5
colorful,B1,3
combine,B1,1
comment,B1,46
commercial,B1,6
commit,B1,6
communication,B1,13
comparison,B1,2
competitive,B1,1
competitor,B1,4
complaint,B1,14
con,B1,2
concentrate,B1,5
conclude,B1,4
conclusion,B1,3
confident,B1,3
confirm,B1,29
confuse,B1,2
connection,B1,9
consequence,B1,10
consequently,B1,
consist,B1,3
consumer,B1,9
contact,B1,23
container,B1,7
contrast,B1,7
convenient,B1,3
convince,B1,1
cookery,B1,4
cooler,B1,1
coolest,B1,1
corn,B1,2
costume,B1,2
cottage,B1,1
count,B1,9
countryside,B1,1
coupon,B1,1
court,B1,4
courtyard,B1,1
cover,B1,16
coz,B1,1
cream,B1,2
creatives,B1,1
cruel,B1,3
cuisine,B1,4
cultural,B1,22
currency,B1,2
currently,B1,7
curtain,B1,1
cushion,B1,1
custom,B1,2
damage,B1,13
dangerously,B1,1
deal,B1,13
decade,B1,8
deep,B1,9
defense,B1,4
define,B1,5
definition,B1,6
deliver,B1,8
despite,B1,7
despite,B1,
destination,B1,2
determine,B1,2
development,B1,13
diamond,B1,1
difficulty,B1,5
direct,B1,10
directly,B1,5
dirt,B1,2
disadvantage,B1,2
disappointed,B1,1
disk,B1,1
diver,B1,2
documentary,B1,1
dolphin,B1,3
donate,B1,4
double,B1,1
doubt,B1,5
drop,B1,15
drum,B1,3
due,B1,4
due to,B1,10
durian,B1,1
dust,B1,10
dusty,B1,1
duty,B1,6
earlier,B1,6
earthquake,B1,2
economic,B1,12
economy,B1,7
edge,B1,2
editor,B1,8
educate,B1,8
educational,B1,4
effective,B1,6
effectively,B1,1
effort,B1,4
element,B1,3
emergency,B1,5
emotion,B1,5
employment,B1,6
encourage,B1,23
endanger,B1,4
enemy,B1,2
entertain,B1,2
entertainment,B1,2
entrance,B1,14
entry,B1,9
environmental,B1,17
episode,B1,3
equally,B1,2
escape,B1,4
essential,B1,6
european,B1,1
eventually,B1,6
examine,B1,4
except,B1,6
exchange,B1,14
excite,B1,20
excitement,B1,5
exhibition,B1,12
expand,B1,3
experience,B1,56
experiment,B1,8
explode,B1,2
explore,B1,8
explorer,B1,2
explosion,B1,3
export,B1,2
extra,B1,11
facebook,B1,1
failing,B1,1
fairly,B1,3
familiar,B1,4
fancy,B1,1
far,B1,11
farmhouse,B1,5
fashionable,B1,1
favor,B1,2
fear,B1,3
feature,B1,25
fence,B1,2
ferry,B1,1
filmmaker,B1,4
financial,B1,10
fire,B1,17
fitness,B1,5
flag,B1,1
flavor,B1,4
flood,B1,16
floorball,B1,2
flour,B1,2
flow,B1,5
force,B1,13
forever,B1,5
frame,B1,4
freeze,B1,3
frequently,B1,5
freshly,B1,1
freshness,B1,2
friendship,B1,3
frighten,B1,5
frustrate,B1,2
fry,B1,9
fryer,B1,2
fur,B1,2
furthermore,B1,
fuse,B1,2
gag,B1,1
garbage,B1,5
gather,B1,5
geek,B1,1
generally,B1,6
generation,B1,32
gentle,B1,4
gentleman,B1,1
get rid of,B1,0
ghost,B1,1
giant,B1,4
glad,B1,4
global,B1,5
glove,B1,4
graduate,B1,13
grain,B1,1
grateful,B1,4
growth,B1,5
guard,B1,9
guilty,B1,2
gymnastics,B1,1
hand,B1,35
handmade,B1,2
hang,B1,10
happiness,B1,3
hardly,B1,1
hate,B1,3
head,B1,32
headline,B1,2
heavily,B1,1
helicopter,B1,4
highlight,B1,6
highly,B1,5
hilliest,B1,1
hillside,B1,1
historic,B1,3
historical,B1,4
homemade,B1,2
homepage,B1,2
hometown,B1,2
honest,B1,3
honeymoon,B1,1
honor,B1,3
hopeless,B1,1
horrible,B1,2
horrors,B1,1
however,B1,
hug,B1,1
hurdle,B1,2
hurry,B1,1
icy,B1,2
identity,B1,3
ignore,B1,4
illegal,B1,6
imaginary,B1,2
imagine a scenario where,B1,
immediate,B1,6
immigrant,B1,3
impact,B1,14
import,B1,2
importance,B1,4
impression,B1,2
impressive,B1,2
improvement,B1,6
in addition,B1,
in other words,B1,
in spite of,B1,
incredibly,B1,5
indeed,B1,5
indicate,B1,4
indoor,B1,2
indoors,B1,1
influence,B1,5
ingredient,B1,8
injured,B1,1
innocent,B1,1
inquiry,B1,2
instead,B1,
intelligence,B1,7
intend,B1,10
intention,B1,3
internationally,B1,1
internship,B1,2
interviewer,B1,16
invest,B1,5
investigate,B1,3
Ir is unseniable that,B1,
irregular,B1,2
It goes without saying that,B1,
It is not uncommon that,B1,
It is widely acknowledged that,B1,
jasmine,B1,1
jealous,B1,1
jeweller,B1,1
jog,B1,1
journal,B1,1
judge,B1,8
jungle,B1,5
keen,B1,7
key,B1,9
kick,B1,2
killer,B1,1
kindergarten,B1,1
kindly,B1,1
knock,B1,2
labor,B1,2
laboratory,B1,3
lack,B1,6
lag,B1,1
lamb,B1,1
lay,B1,4
layer,B1,2
leaf,B1,1
leather,B1,3
legal,B1,8
leisure,B1,5
length,B1,6
lie,B1,2
lighter,B1,2
lighthouse,B1,5
lightning,B1,1
lime,B1,1
limit,B1,26
lip,B1,3
lipstick,B1,3
liquid,B1,1
literature,B1,5
livelier,B1,1
local,B1,73
locally,B1,3
locate,B1,4
location,B1,19
log in,B1,1
lonely,B1,6
Long gone are the days when,B1,
longstanding,B1,2
loser,B1,1
loss,B1,3
lotion,B1,1
lovingly,B1,1
lowest,B1,2
luxury,B1,12
mad,B1,4
magic,B1,4
mainly,B1,6
mall,B1,11
management,B1,18
market,B1,27
marking,B1,1
marriage,B1,2
mars,B1,2
marvelous,B1,1
meanwhile,B1,1
measure,B1,9
meatball,B1,1
mental,B1,1
mention,B1,26
mess,B1,11
messy,B1,9
midtown,B1,1
mine,B1,1
mix,B1,9
mixture,B1,1
mood,B1,3
moreover,B1,
mosquito,B1,2
mover,B1,2
mud,B1,1
multitasking,B1,2
muscle,B1,1
musical,B1,4
mystery,B1,8
nail,B1,1
narrative,B1,2
nation,B1,6
native,B1,8
naturally,B1,6
necessarily,B1,3
needle,B1,1
neighbor,B1,13
neighborhood,B1,9
neighbourhood,B1,1
nepalese,B1,2
nevertheless,B1,
newsstand,B1,2
nickname,B1,3
normal,B1,3
note,B1,51
nuclear,B1,2
obvious,B1,3
obviously,B1,5
occasion,B1,3
occur,B1,3
odd,B1,1
olive,B1,1
olympics,B1,1
On the contrary,B1,
on the other hand,B1,
on top of that,B1,
onboard,B1,2
operation,B1,9
organisation,B1,1
organise,B1,1
organizer,B1,5
original,B1,9
originally,B1,3
ours,B1,1
outdoor,B1,9
outdoors,B1,2
outwards,B1,1
pack,B1,10
pale,B1,1
participate,B1,5
particularly,B1,12
pass,B1,1
passion,B1,7
path,B1,9
pavement,B1,1
payment,B1,8
peanut,B1,2
pearl,B1,1
pedestrian,B1,1
percent,B1,16
percentage,B1,1
perfectly,B1,4
performance,B1,19
performer,B1,2
personally,B1,5
persuade,B1,6
photographer,B1,14
pianist,B1,1
picking,B1,1
pie,B1,1
planter,B1,2
pleasant,B1,5
pleasure,B1,6
poison,B1,8
poisonous,B1,1
policy,B1,13
politely,B1,1
political,B1,5
politician,B1,3
politics,B1,2
pop music,B1,13
pork,B1,1
possibly,B1,5
postbag,B1,2
pot,B1,1
pour,B1,2
powerful,B1,2
practical,B1,11
prayer,B1,5
prediction,B1,1
presentation,B1,18
press,B1,13
pressure,B1,9
pretend,B1,3
previous,B1,21
previously,B1,5
primary,B1,4
prisoner,B1,3
private,B1,10
producer,B1,4
production,B1,4
profession,B1,4
profit,B1,8
program,B1,8
promote,B1,24
proper,B1,1
properly,B1,5
property,B1,6
protest,B1,2
proud,B1,6
prove,B1,6
pull,B1,11
push,B1,5
qualification,B1,2
qualify,B1,2
quit,B1,11
quote,B1,4
race,B1,6
rainforest,B1,2
rainy,B1,2
rare,B1,6
rarely,B1,1
rarer,B1,1
rarest,B1,1
reaction,B1,7
realise,B1,6
reality,B1,9
recognise,B1,1
recommendation,B1,13
recycler,B1,1
reflect,B1,8
refreshment,B1,3
refund,B1,3
regarding,B1,0
regularly,B1,5
reject,B1,7
relate,B1,4
relation,B1,7
relative,B1,5
release,B1,13
reliable,B1,1
religious,B1,2
remind,B1,17
remote,B1,3
rent,B1,3
reopen,B1,1
repair,B1,6
repeat,B1,4
represent,B1,6
request,B1,31
require,B1,22
rescuer,B1,3
reservation,B1,1
reset,B1,1
reshape,B1,2
resource,B1,7
respect,B1,5
respondent,B1,2
responsibility,B1,8
responsible,B1,2
result,B1,54
retire,B1,5
reuse,B1,1
reviewer,B1,2
revise,B1,3
rider,B1,1
ring,B1,2
rise,B1,13
risk,B1,14
roaster,B1,2
robot,B1,27
roll,B1,3
romantic,B1,1
rooftop,B1,6
rule,B1,23
rulebook,B1,1
safely,B1,5
safety,B1,17
sail,B1,5
sand,B1,1
sandals,B1,1
scan,B1,2
scanner,B1,1
scenery,B1,3
schoolchildren,B1,2
scientific,B1,8
screenshot,B1,4
script,B1,14
sculpture,B1,1
seagull,B1,1
secondary,B1,3
secretly,B1,1
security,B1,11
seed,B1,2
selfie,B1,1
selfish,B1,2
seller,B1,1
seminal,B1,1
sensible,B1,1
separate,B1,6
seriously,B1,6
servant,B1,2
sew,B1,9
sex,B1,2
shake,B1,4
share,B1,30
shark,B1,2
sharp,B1,8
shelf,B1,1
shelves,B1,1
shortlist,B1,1
shy,B1,1
sidewalk,B1,2
sight,B1,5
signal,B1,1
silent,B1,1
silly,B1,1
similarly,B1,5
simply,B1,15
sincerely,B1,6
sink,B1,3
skype,B1,1
sleeve,B1,1
slice,B1,1
slightly,B1,5
smart,B1,4
smarter,B1,1
smelly,B1,1
smooth,B1,1
so far,B1,10
socially,B1,2
softly,B1,1
soil,B1,11
solid,B1,5
songbook,B1,1
sooner,B1,2
sore,B1,1
sour,B1,2
southern,B1,1
souvenir,B1,2
spacecraft,B1,2
spaceship,B1,3
specially,B1,1
specifically,B1,2
spicy,B1,1
spirit,B1,4
spring,B1,7
staff,B1,63
standard,B1,2
state,B1,33
statistic,B1,11
statue,B1,3
sticker,B1,1
storytelling,B1,2
stranger,B1,9
strength,B1,1
stressful,B1,1
string,B1,3
strongly,B1,3
studio,B1,5
stylish,B1,2
successfully,B1,3
sudden,B1,4
suffer,B1,6
suit,B1,10
suitable,B1,12
summarize,B1,3
summary,B1,8
sunrise,B1,1
sunscreen,B1,2
sunset,B1,1
sunshine,B1,1
superhero,B1,2
supply,B1,7
surely,B1,9
surface,B1,9
surfer,B1,1
surprisingly,B1,1
survive,B1,13
swim,B1,28
swimmer,B1,2
takeout,B1,1
talent,B1,11
talented,B1,4
talker,B1,1
tasty,B1,1
tax,B1,2
technical,B1,4
technique,B1,12
tend,B1,14
tense,B1,1
tester,B1,1
texting,B1,1
thai,B1,1
theme,B1,18
theory,B1,5
There is a growing awareness that,B1,
therefore,B1,12
therefore,B1,
though,B1,37
thriller,B1,1
throughout,B1,7
tiger,B1,3
tight,B1,1
till,B1,7
tiny,B1,5
tip,B1,6
tongue,B1,1
toothpaste,B1,1
totally,B1,13
touch,B1,4
tour,B1,14
toward,B1,7
trade,B1,8
translate,B1,3
translation,B1,1
transport,B1,6
treat,B1,9
treatment,B1,5
trend,B1,14
trick,B1,10
truth,B1,5
tube,B1,7
type,B1,1
typically,B1,4
unable,B1,1
unbelievable,B1,2
uncomfortable,B1,3
underline,B1,1
underneath,B1,3
underwear,B1,1
unemployed,B1,2
unfair,B1,4
unforgettable,B1,2
unfriendly,B1,1
unhealthy,B1,3
unless,B1,6
unlike,B1,1
unlikely,B1,2
unlucky,B1,8
unnecessary,B1,1
unpack,B1,1
unpleasant,B1,1
update,B1,19
upload,B1,4
upon,B1,10
upset,B1,8
urgently,B1,1
valuable,B1,6
various,B1,8
vase,B1,1
vegetarian,B1,2
version,B1,4
vet,B1,6
victim,B1,2
view,B1,26
viewer,B1,5
violent,B1,3
vlogger,B1,1
volunteer,B1,19
vote,B1,14
walkway,B1,1
wand,B1,1
wardrobe,B1,1
warn,B1,7
waste,B1,23
wasteful,B1,1
watcher,B1,1
waterfall,B1,4
waterway,B1,1
wave,B1,5
weaker,B1,4
weakest,B1,1
weapon,B1,2
weigh,B1,4
western,B1,12
westerner,B1,1
whale,B1,2
whatever,B1,4
wheelchair,B1,2
whenever,B1,1
whether,B1,18
whole,B1,26
wing,B1,1
within,B1,15
wonder,B1,9
wool,B1,2
worldwide,B1,2
worry,B1,14
yard,B1,4
yoga,B1,3
youth,B1,10
abandon,B2,8
abdomen,B2,1
absolute,B2,2
absorb,B2,4
abstract,B2,1
academic,B2,7
academically,B2,2
acceptable,B2,5
accommodate,B2,2
accompany,B2,1
accomplish,B2,2
account,B2,11
accuracy,B2,1
accurate,B2,4
accuse,B2,1
acknowledge,B2,1
acquire,B2,2
acrobat,B2,1
activate,B2,1
actively,B2,1
actual,B2,4
adapt,B2,2
adaptable,B2,1
adaptive,B2,1
additional,B2,5
additionally,B2,2
address,B2,12
adequate,B2,2
adequately,B2,1
adhere to,B2,1
administration,B2,2
admirable,B2,1
admittedly,B2,1
adopt,B2,9
adoration,B2,1
adore,B2,1
adulthood,B2,1
advance,B2,7
advancement,B2,2
adventurous,B2,2
advisory,B2,2
affair,B2,2
affordable,B2,4
afterwards,B2,1
agenda,B2,2
aggressive,B2,4
aggressively,B2,1
aid,B2,1
airflow,B2,1
aisle,B2,1
akin,B2,2
alarm,B2,3
allergic,B2,2
allergy,B2,4
alongside,B2,2
alter,B2,2
altitude,B2,1
altogether,B2,2
aluminum,B2,2
ambulance,B2,1
amuse,B2,1
amusement,B2,7
analyst,B2,1
analyze,B2,1
ancestor,B2,1
anger,B2,2
animation,B2,1
anniversary,B2,1
annually,B2,1
anonymously,B2,1
antagonist,B2,1
anticipate,B2,1
anxiety,B2,5
anxious,B2,2
apathy,B2,1
apes,B2,2
apology,B2,10
apparent,B2,1
apparently,B2,4
appeal,B2,10
applicant,B2,4
approach,B2,11
appropriate,B2,5
appropriately,B2,1
approval,B2,4
approve,B2,7
arise,B2,4
arrogant,B2,1
arrow,B2,1
artifact,B2,3
artificial,B2,5
artistic,B2,1
artistry,B2,2
artwork,B2,15
aside,B2,2
aspect,B2,8
assessment,B2,2
assign,B2,3
assistance,B2,1
associate,B2,3
association,B2,3
assume,B2,6
assumption,B2,1
assure,B2,3
athletic,B2,1
atom,B2,1
attachment,B2,4
attempt,B2,6
auction,B2,2
audio,B2,1
autobiography,B2,1
autograph,B2,1
automatic,B2,1
automobile,B2,1
autonomous,B2,7
awareness,B2,12
ax,B2,1
axe,B2,1
bacteria,B2,2
badge,B2,1
bakery,B2,1
balloon,B2,2
bang,B2,3
bar,B2,2
barely,B2,4
bargain,B2,1
barrier,B2,10
basement,B2,2
basically,B2,8
basket,B2,2
battle,B2,1
bead,B2,2
bear,B2,15
beat,B2,3
bedside,B2,1
bedspread,B2,1
beekeeping,B2,5
beg,B2,1
behavioral,B2,3
bending,B2,2
beside,B2,2
besides,B2,1
bestselling,B2,1
bet,B2,1
beverage,B2,3
beyond,B2,9
bias,B2,8
bill,B2,1
billboard,B2,1
biodiversity,B2,3
biological,B2,3
biologically,B2,1
blame,B2,4
blandly,B2,1
blind,B2,7
blink,B2,3
blossom,B2,4
blow,B2,9
boar,B2,1
bold,B2,1
bologna,B2,1
bolster,B2,1
bombard,B2,3
bond,B2,4
boost,B2,3
border,B2,1
boredom,B2,1
bracket,B2,1
brainier,B2,1
breakup,B2,1
breeder,B2,2
brew,B2,2
brick,B2,2
brief,B2,9
briefly,B2,4
brighten,B2,1
broadcaster,B2,2
broadly,B2,1
browse,B2,1
bruise,B2,1
bubblegum,B2,1
budget,B2,12
buffet,B2,5
bug,B2,2
bullet,B2,3
bumper,B2,2
bumpy,B2,1
bunch,B2,4
burn,B2,5
bush,B2,2
cable,B2,1
calculate,B2,3
calorie,B2,1
cancel,B2,10
cancer,B2,1
candle,B2,1
cane,B2,2
capacity,B2,5
capsule,B2,6
caption,B2,2
capture,B2,2
carbon,B2,7
cardboard,B2,3
carelessly,B2,1
cart,B2,3
cast,B2,1
casually,B2,1
catch,B2,20
catchy,B2,1
cell,B2,2
certificate,B2,2
certify,B2,2
chain,B2,5
chair,B2,8
chairman,B2,1
chalk,B2,1
challenge,B2,25
characteristic,B2,4
chart,B2,3
chase,B2,1
cheapness,B2,1
cheek,B2,1
cheeky,B2,1
cheer,B2,5
chestnut,B2,3
chew,B2,3
chief,B2,1
childish,B2,1
chop,B2,2
chorus,B2,1
circumstance,B2,2
cite,B2,5
citizen,B2,5
citizens,B2,2
cityscape,B2,1
civilization,B2,1
clarify,B2,3
classic,B2,4
classify,B2,2
cliff,B2,1
clinic,B2,5
clip,B2,7
close,B2,32
closely,B2,3
clueless,B2,1
clutter,B2,1
coeducational,B2,1
coexist,B2,1
coincidence,B2,1
collapse,B2,10
collectible,B2,1
collector,B2,1
colony,B2,4
colourful,B2,2
combination,B2,2
comedian,B2,1
comfort,B2,3
comic,B2,32
command,B2,1
commitment,B2,6
committee,B2,31
commonly,B2,1
communicator,B2,1
commuter,B2,1
completion,B2,4
complex,B2,8
compose,B2,1
composer,B2,3
compound,B2,3
comprehensive,B2,2
compress,B2,1
comprise,B2,3
compulsory,B2,2
concentration,B2,2
concept,B2,10
concern,B2,41
concrete,B2,4
conduct,B2,15
confess,B2,1
confidence,B2,6
conflict,B2,4
conform,B2,1
confusion,B2,2
conscious,B2,2
consequently,B2,1
conservation,B2,7
considerable,B2,1
consideration,B2,3
consistently,B2,1
constant,B2,1
constantly,B2,4
construct,B2,1
construction,B2,4
consult,B2,4
consumption,B2,4
contest,B2,4
contract,B2,5
contribute,B2,11
contribution,B2,1
controversial,B2,5
controversy,B2,2
convenience,B2,3
conveniently,B2,1
convention,B2,2
convert,B2,1
convey,B2,2
cooperation,B2,1
cooperatively,B2,1
cope,B2,1
cope with,B2,2
core,B2,1
corporate,B2,12
corporation,B2,6
corridor,B2,2
costlier,B2,1
council,B2,1
countdown,B2,2
courage,B2,1
crack,B2,12
craftsman,B2,3
cramp,B2,2
crash,B2,10
craze,B2,1
creativity,B2,4
creature,B2,4
credit,B2,4
crew,B2,5
crisis,B2,5
critic,B2,3
critical,B2,14
criticise,B2,1
criticism,B2,2
criticize,B2,3
crocodile,B2,1
crop,B2,1
crucial,B2,2
cruelty,B2,1
cruise,B2,12
crust,B2,2
cry,B2,2
cue,B2,1
culinary,B2,7
culturally,B2,1
cure,B2,3
curious,B2,2
current,B2,16
curriculum,B2,1
cute,B2,4
damp,B2,1
dare,B2,2
darken,B2,1
dart,B2,1
darwinian,B2,1
dash,B2,3
datasets,B2,1
date,B2,34
daylight,B2,1
deadline,B2,8
deadly,B2,3
debate,B2,8
debt,B2,1
decent,B2,1
decidedly,B2,1
declare,B2,7
decline,B2,9
decompose,B2,1
decorative,B2,2
decrease,B2,2
deeply,B2,7
defeat,B2,1
defend,B2,5
defender,B2,1
deforest,B2,1
delete,B2,2
deliberate,B2,1
deliberately,B2,3
delicacy,B2,1
delight,B2,8
delivery,B2,9
demand,B2,12
demonstrate,B2,4
demonstration,B2,2
densely,B2,1
denser,B2,1
dental,B2,1
deny,B2,3
depend on,B2,1
depression,B2,5
depth,B2,1
desert,B2,1
deserve,B2,3
desire,B2,5
despair,B2,1
destruction,B2,2
detail,B2,30
determination,B2,2
devote,B2,1
dietary,B2,2
dig,B2,5
diner,B2,1
dire,B2,2
disability,B2,3
disappoint,B2,3
disappointment,B2,2
disapprove,B2,2
disbelief,B2,2
disc,B2,1
discipline,B2,2
discount,B2,8
discus,B2,4
disgrace,B2,1
dishwashing,B2,1
dismiss,B2,2
disorder,B2,1
disorganize,B2,1
display,B2,32
dissatisfaction,B2,2
distinct,B2,1
distinguish,B2,2
distract,B2,6
distribute,B2,1
distribution,B2,1
district,B2,6
disturb,B2,5
dive,B2,6
diverse,B2,4
diversity,B2,3
divide,B2,1
divorce,B2,2
document,B2,8
dominant,B2,2
dominate,B2,2
donation,B2,2
downtown,B2,1
downturn,B2,2
doze,B2,1
dozen,B2,3
draft,B2,9
drag,B2,1
dragonfly,B2,1
dragonhead,B2,1
dramatic,B2,1
driveway,B2,1
drummer,B2,1
dull,B2,3
dummy,B2,1
duration,B2,3
dwindle,B2,2
dynasty,B2,2
eatery,B2,4
economical,B2,1
economically,B2,1
economist,B2,6
ecosystem,B2,5
edit,B2,2
edition,B2,1
editorial,B2,10
efficient,B2,3
efficiently,B2,1
elderly,B2,6
elective,B2,1
elementary,B2,4
embrace,B2,4
emerge,B2,3
emission,B2,3
emotional,B2,4
emotionally,B2,1
emphasis,B2,3
emphasise,B2,1
emphasize,B2,1
enable,B2,2
encounter,B2,13
engage,B2,8
enhance,B2,2
enjoyable,B2,1
enjoyment,B2,1
enquiry,B2,9
ensure,B2,15
enthusiasm,B2,4
enthusiastic,B2,4
enthusiastically,B2,1
entire,B2,5
entirely,B2,4
entrepreneur,B2,7
envelope,B2,2
environmentally,B2,6
envy,B2,2
equal,B2,3
equip,B2,1
equivalent,B2,5
era,B2,6
erupt,B2,1
escalator,B2,1
essentially,B2,2
establish,B2,4
estate,B2,10
estimate,B2,8
estimation,B2,1
ethic,B2,1
ethical,B2,12
ethnic,B2,4
evaluate,B2,2
evaluation,B2,1
evident,B2,1
evil,B2,1
evolution,B2,2
evolve,B2,5
exception,B2,1
excessive,B2,3
exclude,B2,1
excuse,B2,4
executive,B2,1
exhaustion,B2,1
exhibit,B2,5
existence,B2,1
exotic,B2,19
expansion,B2,1
expectation,B2,6
expense,B2,3
exploration,B2,5
expo,B2,3
expose,B2,9
exposure,B2,2
extend,B2,8
extensive,B2,2
extent,B2,1
extracurricular,B2,1
extraordinarily,B2,1
extraordinary,B2,1
extreme,B2,11
eyesight,B2,1
fabric,B2,5
fabulous,B2,2
facility,B2,14
factual,B2,2
failure,B2,5
faint,B2,1
fainter,B2,1
faintest,B2,1
faithfully,B2,5
fallout,B2,1
fame,B2,4
familiarize,B2,1
fantasy,B2,2
fanzone,B2,3
fare,B2,1
fart,B2,1
fault,B2,5
faulty,B2,1
favour,B2,1
feasibility,B2,2
feather,B2,1
fee,B2,14
feed,B2,1
feedback,B2,16
fellow,B2,3
fellowship,B2,1
fever,B2,1
figure,B2,14
figurine,B2,2
file,B2,16
finance,B2,2
financially,B2,3
finely,B2,1
fingernail,B2,1
firestorm,B2,1
firewood,B2,1
firework,B2,1
firm,B2,4
fisherman,B2,1
fishery,B2,1
fishy,B2,1
fix,B2,3
flame,B2,5
flash,B2,13
flashing,B2,1
flavour,B2,2
flexible,B2,1
float,B2,2
flyer,B2,3
fold,B2,3
font,B2,3
foodie,B2,1
fool,B2,3
foolish,B2,1
foolishness,B2,1
footprint,B2,1
forecast,B2,1
forgive,B2,2
format,B2,3
former,B2,6
fortune,B2,6
forum,B2,4
forward,B2,23
foundation,B2,3
founder,B2,3
fragment,B2,2
framework,B2,2
free,B2,41
freedom,B2,4
freer,B2,1
freshman,B2,1
friction,B2,2
frosty,B2,1
fruitless,B2,1
fuel,B2,2
fulfil,B2,2
fulfill,B2,1
fully,B2,2
function,B2,4
fund,B2,6
fundamental,B2,2
furiously,B2,1
furthermore,B2,1
gain,B2,7
galaxy,B2,1
gatekeeper,B2,1
gateway,B2,1
gatherer,B2,1
gay,B2,1
generate,B2,7
generational,B2,4
generator,B2,3
generosity,B2,1
genius,B2,3
genre,B2,3
gently,B2,3
genuine,B2,5
gesture,B2,3
gigantic,B2,1
gimmick,B2,1
glamorous,B2,1
globally,B2,1
globe,B2,1
goodness,B2,2
goodwill,B2,1
goody,B2,2
gorgeous,B2,1
gosh,B2,2
gossip,B2,26
grab,B2,2
grad,B2,2
grade,B2,3
gradually,B2,3
graffiti,B2,1
grammatically,B2,1
grand,B2,1
grant,B2,4
graphic,B2,7
greatness,B2,1
greedy,B2,1
greenery,B2,1
greenhouse,B2,5
grownup,B2,1
guarantee,B2,2
guideline,B2,7
habitat,B2,2
hack,B2,2
handle,B2,14
harbour,B2,1
harm,B2,6
harmful,B2,1
harmless,B2,1
hawk,B2,11
hawker,B2,31
heaven,B2,1
hedge,B2,1
heel,B2,1
hell,B2,1
helper,B2,1
herb,B2,6
highway,B2,1
hilarious,B2,1
hind,B2,1
hip,B2,2
hire,B2,12
historian,B2,1
hold,B2,30
holder,B2,8
homegrown,B2,2
homeless,B2,1
homesick,B2,1
honestly,B2,3
honesty,B2,1
honour,B2,5
hood,B2,1
hopefully,B2,3
horseshoe,B2,2
host,B2,18
hotly,B2,1
hourly,B2,1
household,B2,3
humidity,B2,1
hung,B2,1
hunt,B2,3
hurray,B2,1
hurt,B2,4
husky,B2,1
hustle,B2,2
hybrid,B2,2
hydrate,B2,1
iceberg,B2,1
iconic,B2,1
ideal,B2,5
identical,B2,1
illustrate,B2,6
illustration,B2,2
illustrator,B2,1
immerse in,B2,1
immigration,B2,2
immobile,B2,1
immoral,B2,1
impair,B2,6
impatient,B2,1
imperfection,B2,2
implement,B2,1
implication,B2,6
imply,B2,1
importantly,B2,2
impose,B2,2
impossibly,B2,1
impress,B2,5
in terms of,B2,1
in the meantime,B2,1
inaccessible,B2,1
inappropriately,B2,1
inch,B2,2
incident,B2,28
income,B2,5
incorporate,B2,2
incorrect,B2,1
increasingly,B2,7
independently,B2,2
index,B2,1
indication,B2,1
indonesia,B2,1
inevitable,B2,1
influencer,B2,1
info,B2,1
inform,B2,12
inhabitant,B2,1
initial,B2,12
initially,B2,2
initiative,B2,4
inner,B2,2
innovation,B2,3
innovative,B2,1
insight,B2,3
insist,B2,6
insistence,B2,1
inspector,B2,1
inspirational,B2,1
inspire,B2,8
install,B2,2
install,B2,3
installation,B2,1
installment,B2,1
instance,B2,3
instant,B2,3
institute,B2,1
institution,B2,3
insurance,B2,3
integrate,B2,1
intense,B2,2
intentional,B2,1
interact,B2,5
interaction,B2,1
interestingly,B2,1
internal,B2,1
interpret,B2,2
interpretation,B2,1
interrupt,B2,1
interval,B2,2
interviewee,B2,1
introductory,B2,4
invader,B2,1
invasion,B2,1
inventory,B2,3
investigation,B2,5
investment,B2,2
investor,B2,6
irresponsible,B2,2
issue,B2,57
itch,B2,3
itchy,B2,2
jag,B2,2
jail,B2,1
jigsaw,B2,1
jobless,B2,1
joint,B2,3
joy,B2,2
judgement,B2,3
justify,B2,1
kindergartener,B2,1
kindness,B2,1
kit,B2,25
ladder,B2,3
landfill,B2,10
landscape,B2,4
largely,B2,3
latest,B2,26
launch,B2,6
leadership,B2,1
leaflet,B2,3
lean,B2,2
learner,B2,2
lecturer,B2,1
leftover,B2,2
legally,B2,2
lender,B2,3
lens,B2,5
leopard,B2,4
level,B2,25
liar,B2,1
licence,B2,18
lick,B2,2
lifetime,B2,1
lightweight,B2,1
likeable,B2,1
likewise,B2,2
limitation,B2,1
literally,B2,2
litter,B2,5
livable,B2,1
lively,B2,1
loads of,B2,5
loan,B2,4
logical,B2,1
logo,B2,2
loose,B2,4
loosely,B2,2
looser,B2,1
lower,B2,7
loyal,B2,1
lunar,B2,1
lyric,B2,2
magnificent,B2,1
magnify,B2,3
maintain,B2,8
majority,B2,4
maker,B2,3
mankind,B2,2
manly,B2,1
manual,B2,3
manufacture,B2,5
manufacturer,B2,2
map,B2,11
mascot,B2,2
mass,B2,3
massive,B2,2
massively,B2,1
master,B2,4
mate,B2,1
material,B2,17
materially,B2,1
maximum,B2,1
maze,B2,1
measurement,B2,1
medal,B2,7
medalist,B2,2
medicinal,B2,3
medium,B2,31
melt,B2,1
membership,B2,1
memorable,B2,1
mentally,B2,2
micro,B2,2
microphone,B2,1
midweek,B2,1
migrant,B2,3
migrate,B2,2
migratory,B2,1
milestone,B2,1
military,B2,1
millennial,B2,31
mimic,B2,2
mindset,B2,1
mineral,B2,2
minister,B2,1
minor,B2,3
minority,B2,2
miserable,B2,3
misguide,B2,1
mission,B2,2
mistake,B2,16
mistakenly,B2,1
misunderstand,B2,1
misunderstanding,B2,3
model,B2,4
modest,B2,1
modify,B2,1
moist,B2,2
moisture,B2,2
monster,B2,2
monument,B2,1
moral,B2,9
morally,B2,1
moreover,B2,3
mortar,B2,2
motion,B2,1
motivate,B2,2
motivation,B2,5
mount,B2,1
mountaineer,B2,1
muddy,B2,1
multicolored,B2,1
multicultural,B2,1
multinational,B2,1
multiple,B2,7
mumble,B2,1
mutter,B2,1
mysterious,B2,1
myth,B2,1
naked,B2,1
narrow,B2,2
nasty,B2,2
national,B2,7
nearby,B2,6
neat,B2,2
necessity,B2,1
negative,B2,22
negatively,B2,1
negotiate,B2,1
nervously,B2,1
neutral,B2,1
nevertheless,B2,1
newcomer,B2,9
nightmare,B2,1
nonstop,B2,1
norm,B2,3
notion,B2,1
nuisance,B2,1
numerous,B2,1
nutrient,B2,2
nutrition,B2,5
nutritionist,B2,2
nylon,B2,1
oak,B2,1
object,B2,1
objective,B2,4
obligation,B2,3
observation,B2,1
observe,B2,2
observer,B2,1
obstacle,B2,8
obstruction,B2,2
obtain,B2,3
occupation,B2,1
occupy,B2,1
odor,B2,2
offend,B2,1
offender,B2,1
offensive,B2,1
official,B2,10
on behalf of,B2,3
ongoing,B2,2
operate,B2,11
operator,B2,6
opponent,B2,1
opposition,B2,1
oppressive,B2,2
optimistic,B2,3
orchestral,B2,1
orderly,B2,1
organic,B2,3
organically,B2,1
organism,B2,1
oriental,B2,1
orienteering,B2,1
origin,B2,2
ornery,B2,2
otherwise,B2,10
outcome,B2,2
outdated,B2,7
outfit,B2,1
outline,B2,6
outlying,B2,1
outperform,B2,2
outstanding,B2,1
overall,B2,7
overcome,B2,5
overfishing,B2,1
overhead,B2,2
overnight,B2,2
overseas,B2,4
oversight,B2,2
oversized,B2,1
overtime,B2,1
ownership,B2,2
oxygen,B2,3
pace,B2,4
package,B2,9
pajama,B2,1
pancake,B2,1
pandemic,B2,2
panel,B2,4
panic,B2,3
paperwork,B2,1
parlor,B2,3
participant,B2,34
participation,B2,3
partly,B2,4
pass on,B2,1
passionate,B2,1
password,B2,2
patience,B2,2
patient,B2,4
patiently,B2,1
pause,B2,1
pave,B2,1
peacefully,B2,1
peer,B2,1
peppermint,B2,1
perceive,B2,3
perception,B2,4
permanent,B2,2
permanently,B2,2
permit,B2,1
perspective,B2,6
pessimistic,B2,1
pest,B2,1
pharmacist,B2,3
phase,B2,1
phenomenon,B2,1
philippine,B2,1
philosophy,B2,4
photosynthesis,B2,2
photosynthetic,B2,1
physically,B2,1
physicist,B2,1
pick,B2,24
picker,B2,1
pickle,B2,1
picture,B2,10
pile,B2,11
pill,B2,1
pine,B2,3
pitch,B2,1
pity,B2,2
pizzeria,B2,1
placement,B2,2
plain,B2,1
plainly,B2,2
planetary,B2,2
playmates,B2,1
playwright,B2,1
plot,B2,3
plus,B2,10
podcast,B2,29
poke,B2,2
pollutant,B2,1
popularity,B2,7
popularly,B2,1
portion,B2,1
pose,B2,7
posh,B2,1
position,B2,9
positive,B2,23
possess,B2,1
potent,B2,2
potential,B2,16
potentially,B2,1
pottery,B2,1
power,B2,4
practically,B2,1
praise,B2,1
precautionary,B2,2
precede,B2,2
precisely,B2,1
predictable,B2,1
preferably,B2,1
preference,B2,2
pregnant,B2,2
preparation,B2,7
presence,B2,2
preservative,B2,2
preserve,B2,8
prevalent,B2,2
price,B2,26
priceless,B2,1
pricey,B2,1
priciest,B2,1
pride,B2,4
prime,B2,2
principle,B2,1
print,B2,12
prior,B2,1
prioritize,B2,1
priority,B2,1
privacy,B2,4
privately,B2,1
pro,B2,1
procedure,B2,2
process,B2,20
produce,B2,15
professional,B2,9
progress,B2,7
project,B2,26
promoter,B2,1
promotion,B2,6
promotional,B2,5
prompt,B2,4
promptly,B2,1
proof,B2,1
proportion,B2,1
proposal,B2,11
propose,B2,8
pros,B2,12
prospect,B2,4
protection,B2,4
proudly,B2,1
psychologically,B2,1
psychologist,B2,1
psychology,B2,4
publication,B2,7
publicity,B2,3
publisher,B2,4
pup,B2,1
pupil,B2,6
purchase,B2,3
pure,B2,2
purely,B2,1
pursue,B2,2
pursuit,B2,4
puzzle,B2,4
quantify,B2,2
quarrel,B2,1
questionnaire,B2,7
quicken,B2,1
rail,B2,3
rainbow,B2,1
rainwater,B2,1
random,B2,9
range,B2,10
rank,B2,4
rapid,B2,3
rapidly,B2,4
rat,B2,13
rate,B2,5
rationale,B2,2
raw,B2,4
realistic,B2,1
reapplying,B2,1
reasonable,B2,1
reassemble,B2,1
recall,B2,8
recapture,B2,2
reckon,B2,2
recognition,B2,1
reconnect,B2,1
recover,B2,8
recreation,B2,1
recruit,B2,1
recruiter,B2,2
recruitment,B2,3
recyclables,B2,1
recyclers,B2,6
redden,B2,1
redesign,B2,1
redirect,B2,1
redline,B2,1
reduction,B2,4
reductionist,B2,1
reel,B2,1
reevaluate,B2,1
reformer,B2,1
refugee,B2,1
regard,B2,37
regional,B2,1
register,B2,2
registration,B2,2
regulate,B2,3
regulation,B2,10
rehearsal,B2,1
reignite,B2,1
reinforce,B2,2
reinforcement,B2,1
relatable,B2,1
relatively,B2,1
relearn,B2,1
relevant,B2,11
relief,B2,5
relieve,B2,1
relocate,B2,3
rely,B2,3
rely on,B2,1
remarkable,B2,1
replica,B2,2
replicate,B2,3
representative,B2,2
reputation,B2,6
requirement,B2,10
rescue,B2,7
reserve,B2,2
reservoir,B2,1
residency,B2,1
resident,B2,27
resist,B2,1
resistant,B2,1
resolution,B2,1
resolve,B2,1
resort,B2,2
responsive,B2,1
restore,B2,4
restrict,B2,5
restriction,B2,5
result in,B2,0
retail,B2,6
retain,B2,2
retriever,B2,1
reunite,B2,1
reveal,B2,18
revenue,B2,1
revision,B2,2
revolution,B2,1
revolve,B2,1
reward,B2,6
rework,B2,1
rhetorical,B2,1
rid,B2,1
ridiculous,B2,1
rightly,B2,2
rinse,B2,2
risky,B2,3
rival,B2,1
riverside,B2,1
roam,B2,1
root,B2,10
roughly,B2,3
round,B2,10
routinely,B2,3
rub,B2,2
rubber,B2,3
ruin,B2,3
rumor,B2,1
rural,B2,1
rush,B2,5
sadness,B2,1
safeguard,B2,2
salty,B2,2
sample,B2,6
sap,B2,3
satellite,B2,1
satisfaction,B2,4
satisfactory,B2,1
satisfy,B2,3
saving,B2,5
scale,B2,3
scale,B2,
scallop,B2,1
scar,B2,8
scare,B2,2
scenario,B2,2
schedule,B2,11
scheme,B2,4
scholarship,B2,1
scout,B2,1
scratch,B2,1
scrawl,B2,2
scream,B2,2
screen,B2,18
scuba,B2,2
seam,B2,1
seasonal,B2,1
seat,B2,7
sector,B2,3
secure,B2,4
securely,B2,1
seek,B2,9
select,B2,7
selection,B2,6
self,B2,2
senior,B2,6
sense,B2,23
sensitive,B2,3
sensor,B2,1
sentence,B2,5
separately,B2,1
seriousness,B2,1
session,B2,8
settle,B2,1
severe,B2,4
shade,B2,2
shallow,B2,1
shame,B2,2
shape,B2,7
sharply,B2,3
shift,B2,8
ship,B2,13
shock,B2,9
shocker,B2,1
shocking,B2,1
shore,B2,1
shortage,B2,1
shotgun,B2,1
showcased,B2,1
shutdown,B2,1
sidejobs,B2,1
sideline,B2,1
sighting,B2,1
sightsee,B2,1
sightseer,B2,1
significance,B2,1
significant,B2,10
significantly,B2,1
silence,B2,4
silk,B2,1
skilled,B2,1
skyscraper,B2,2
slasher,B2,16
slide,B2,4
slight,B2,3
slip,B2,7
slogan,B2,3
slope,B2,3
smartcard,B2,1
smiley,B2,1
snorkelling,B2,1
sob,B2,1
socialize,B2,1
solar,B2,2
somehow,B2,4
sometime,B2,1
somewhat,B2,2
soul,B2,2
soundtrack,B2,2
specialise,B2,2
specialist,B2,1
specialize,B2,1
specialness,B2,3
specie,B2,8
species,B2,2
specify,B2,2
spectacular,B2,1
spectator,B2,4
speculate,B2,1
speculation,B2,1
speed,B2,5
spiritual,B2,1
split,B2,1
spoil,B2,1
spokesman,B2,2
spokesperson,B2,5
spokeswoman,B2,6
sponsor,B2,17
sponsorship,B2,2
spot,B2,10
spray,B2,1
spread,B2,7
springboard,B2,1
squat,B2,2
stable,B2,1
stage,B2,11
stakeholder,B2,2
stalk,B2,1
stall,B2,8
stationery,B2,1
status,B2,9
steadier,B2,1
steadily,B2,2
steady,B2,2
steam,B2,2
step,B2,18
stimulate,B2,1
stock,B2,7
stormy,B2,1
storyboard,B2,2
storyboarding,B2,1
stray,B2,5
stream,B2,5
strengthen,B2,2
stretch,B2,2
strict,B2,1
strictly,B2,1
strike,B2,3
stroke,B2,4
structure,B2,6
struggle,B2,10
stubborn,B2,1
stunning,B2,0
subject,B2,40
submit,B2,8
subscribe,B2,1
sufficient,B2,4
suitably,B2,1
sum,B2,5
sums,B2,1
sunlight,B2,3
super,B2,3
supermodel,B2,1
supernatural,B2,1
supplier,B2,3
surgery,B2,6
surround,B2,9
survey,B2,21
survival,B2,2
suspect,B2,2
sustainable,B2,2
swear,B2,3
sweep,B2,2
sweetness,B2,1
swimmingly,B2,1
swiss,B2,1
switch,B2,11
symbolically,B2,1
sympathy,B2,2
tabloid,B2,2
taco,B2,1
tag,B2,2
tailor,B2,1
tale,B2,4
talentless,B2,1
tank,B2,3
tap,B2,6
target,B2,11
tattoo,B2,3
tbc,B2,1
tear,B2,3
tease,B2,1
technological,B2,1
televise,B2,1
temper,B2,1
template,B2,3
temple,B2,3
temporarily,B2,2
temporary,B2,1
tension,B2,2
term,B2,7
terrace,B2,2
terrify,B2,1
territory,B2,3
terror,B2,1
terrorism,B2,1
the philippines,B2,1
therapist,B2,1
therapy,B2,1
thicken,B2,1
thorough,B2,1
thoroughly,B2,2
threat,B2,5
threaten,B2,3
threatening,B2,1
thumb,B2,1
thus,B2,2
ticketholder,B2,1
tighter,B2,1
tightly,B2,1
tile,B2,3
tomb,B2,2
ton,B2,1
tone,B2,1
tornado,B2,1
tough,B2,12
tougher,B2,1
tournament,B2,2
track,B2,10
traditionally,B2,3
tragedy,B2,2
trait,B2,1
transfer,B2,1
transform,B2,8
transmit,B2,1
transportation,B2,4
trap,B2,3
tray,B2,2
treasure,B2,2
trial,B2,2
tribe,B2,5
tricky,B2,1
trip,B2,12
trivial,B2,1
trolley,B2,2
tropical,B2,1
trouble,B2,14
troublemaker,B2,1
truly,B2,3
trunk,B2,1
trust,B2,1
tuck,B2,2
tues,B2,3
tune,B2,3
tunnel,B2,1
tutor,B2,2
ultimate,B2,12
ultimately,B2,3
unacceptable,B2,2
unbalance,B2,1
unbearable,B2,1
unchanged,B2,1
unclear,B2,2
unconscious,B2,5
underestimate,B2,2
undergo,B2,1
underprivileged,B2,2
undertake,B2,2
underwater,B2,1
uneasy,B2,1
unexpected,B2,3
unfairly,B2,2
unfinished,B2,2
unfortunate,B2,1
unhappiness,B2,1
unique,B2,10
uniquely,B2,1
unite,B2,1
universal,B2,2
universe,B2,1
unlicensed,B2,2
unman,B2,1
unmask,B2,1
unmasked,B2,1
unplug,B2,2
unpopular,B2,1
unrealistic,B2,2
unreasonable,B2,1
unstable,B2,1
unsurprising,B2,1
upbringing,B2,1
upright,B2,2
upside,B2,1
urban,B2,10
urge,B2,4
urgent,B2,2
usage,B2,1
valid,B2,2
valuation,B2,1
value,B2,8
variation,B2,2
vary,B2,3
vast,B2,4
vend,B2,2
vendor,B2,5
venue,B2,22
vertical,B2,1
veterinary,B2,10
via,B2,4
vietnamese,B2,1
viewpoint,B2,1
violence,B2,1
viral,B2,4
virtual,B2,41
virtually,B2,3
visible,B2,5
vision,B2,5
visual,B2,3
visually,B2,8
visuals,B2,3
vital,B2,4
vitamin,B2,1
volume,B2,2
voluntary,B2,2
voucher,B2,1
wage,B2,1
wages,B2,1
warmth,B2,2
wasp,B2,5
wastepaper,B2,1
waterfront,B2,1
weakness,B2,1
wealthier,B2,1
wealthy,B2,4
weird,B2,3
weirder,B2,1
welfare,B2,1
wellness,B2,7
whereas,B2,5
whisky,B2,1
whisper,B2,2
widely,B2,5
widespread,B2,6
wildlife,B2,6
wildly,B2,1
wind,B2,13
windsock,B2,1
wire,B2,2
wisdom,B2,3
wise,B2,2
withdraw,B2,3
witness,B2,5
witty,B2,1
wolf,B2,1
woody,B2,1
workforce,B2,3
workplace,B2,4
workshop,B2,8
workweek,B2,1
worse,B2,9
worst,B2,2
worth,B2,11
wound,B2,2
wrap,B2,7
wrist,B2,2
wrongness,B2,1
yacht,B2,6
zip,B2,1
zipline,B2,2
zone,B2,1
abortion,C1,1
absence,C1,1
absorption,C1,3
abstractly,C1,1
absurd,C1,2
absurdity,C1,1
academy,C1,2
accelerate,C1,1
acceptance,C1,2
accessible,C1,3
acclaim,C1,1
accomplishment,C1,2
accusation,C1,1
acid,C1,1
acknowledgment,C1,1
activist,C1,1
addictive,C1,1
adhere,C1,1
administer,C1,1
administrator,C1,1
admission,C1,3
adolescent,C1,1
adoption,C1,2
adorn,C1,1
adverse,C1,1
adversity,C1,1
advocate,C1,2
aerial,C1,1
aesthetic,C1,2
affection,C1,2
affirm,C1,1
affluent,C1,3
afresh,C1,1
afterlife,C1,1
aftermath,C1,1
aggregate,C1,1
agony,C1,3
agricultural,C1,1
airborne,C1,1
albeit,C1,1
algae,C1,1
algorithm,C1,1
algorithmic,C1,1
alien,C1,2
align,C1,3
alligator,C1,4
altruistic,C1,1
alumnus,C1,1
amateur,C1,2
amateurish,C1,1
amazonian,C1,1
ambassador,C1,4
amid,C1,1
analogy,C1,1
angel,C1,18
anonymous,C1,1
antidote,C1,1
apparatus,C1,1
applause,C1,1
appliance,C1,1
applicable,C1,1
appoint,C1,1
appraisal,C1,1
appreciation,C1,1
aptitude,C1,1
aquarium,C1,13
aquatic,C1,3
arc,C1,2
arcade,C1,1
archaeologist,C1,3
architectural,C1,2
archive,C1,2
arduous,C1,1
arena,C1,1
arm,C1,7
armour,C1,1
array,C1,1
arthritis,C1,1
aspiration,C1,1
aspire,C1,2
assemble,C1,2
assort,C1,1
astonishingly,C1,1
astronomer,C1,1
atomize,C1,1
attain,C1,2
attendance,C1,3
audition,C1,1
authentic,C1,1
authoritarianism,C1,1
authorize,C1,1
autonomy,C1,1
availability,C1,5
averse,C1,1
avid,C1,2
await,C1,1
awaken,C1,1
backdrop,C1,2
backhands,C1,1
bail,C1,1
bankruptcy,C1,1
bare,C1,1
batter,C1,1
bay,C1,1
beast,C1,2
beekeeper,C1,8
befall,C1,1
behemoth,C1,1
beholder,C1,1
bellaneil,C1,1
bellow,C1,1
bench,C1,4
beneath,C1,1
bilingual,C1,1
bind,C1,1
biography,C1,2
biomedical,C1,1
birdshot,C1,1
bizarre,C1,1
blast,C1,1
bleed,C1,1
blend,C1,1
blindness,C1,1
blockbuster,C1,5
boom,C1,6
bootstrap,C1,1
boundary,C1,3
breach,C1,2
breakage,C1,1
breakthrough,C1,2
breed,C1,7
browser,C1,1
brutal,C1,1
buck,C1,1
buddy,C1,2
bulk,C1,1
bully,C1,1
burden,C1,2
burial,C1,3
burst,C1,1
bustle,C1,1
butt,C1,1
bylines,C1,1
calculation,C1,1
cancellation,C1,2
canine,C1,1
canoe,C1,1
capability,C1,1
capitalism,C1,1
capitalist,C1,1
captivate,C1,3
captive,C1,3
captivity,C1,2
careerist,C1,1
carpenter,C1,1
carriage,C1,2
carve,C1,3
catalyst,C1,1
cater,C1,4
caterer,C1,1
caterpillar,C1,1
caution,C1,1
cautionary,C1,1
cease,C1,2
ceaselessly,C1,1
chaos,C1,1
characterize,C1,3
charm,C1,1
cheesy,C1,1
chiefly,C1,1
childbearing,C1,1
childishness,C1,1
choke,C1,1
circulate,C1,1
civic,C1,1
clash,C1,1
clay,C1,6
cling,C1,1
cling to,C1,1
clinical,C1,3
clout,C1,2
clover,C1,2
cognitive,C1,1
coincide,C1,1
collaborate,C1,1
collective,C1,1
collide,C1,1
collision,C1,2
colonial,C1,1
columnist,C1,1
comet,C1,2
commentary,C1,2
commentator,C1,1
commodifiable,C1,1
communist,C1,4
companion,C1,2
comparatively,C1,1
compel,C1,4
compensate,C1,1
compensation,C1,5
compensatory,C1,1
complainant,C1,1
complement,C1,1
complementary,C1,1
complicate,C1,7
compost,C1,2
compostables,C1,1
conceive,C1,3
conception,C1,1
concession,C1,1
concur,C1,2
conducive,C1,2
confer,C1,2
confidentially,C1,1
confine,C1,2
confinement,C1,2
confirmation,C1,4
confront,C1,3
congestion,C1,5
consciously,C1,1
consensus,C1,1
consent,C1,1
conservationist,C1,3
conserve,C1,3
console,C1,3
constitute,C1,1
constraint,C1,1
constructive,C1,1
contamination,C1,2
contend,C1,1
contender,C1,1
content,C1,19
contentious,C1,2
contestant,C1,2
continually,C1,1
contractor,C1,2
contractual,C1,1
contradiction,C1,1
contrary,C1,3
convenor,C1,1
conversion,C1,1
cooperative,C1,1
cop,C1,1
copyright,C1,3
correction,C1,1
correlation,C1,1
correspondence,C1,1
correspondent,C1,3
corrupt,C1,1
costly,C1,2
counter,C1,1
counteract,C1,1
counterpart,C1,1
counterproductive,C1,1
countless,C1,4
craft,C1,8
creator,C1,1
credibility,C1,1
creditworthiness,C1,1
creditworthy,C1,1
cruiser,C1,1
crunch,C1,1
crush,C1,4
crystal,C1,1
cube,C1,2
culprit,C1,1
cultivate,C1,1
curse,C1,1
cutting-edge,C1,1
cynical,C1,2
cynicism,C1,2
dab,C1,2
debunk,C1,1
debut,C1,1
dedicate,C1,3
deem,C1,1
defect,C1,1
deflection,C1,1
delicate,C1,2
delusional,C1,1
demo,C1,3
dense,C1,2
dependable,C1,1
depict,C1,3
deplete,C1,1
deplorable,C1,2
deploy,C1,1
deposit,C1,2
deprive,C1,3
descent,C1,1
descriptive,C1,1
designate,C1,2
designation,C1,1
destiny,C1,1
deteriorate,C1,1
diagnosis,C1,1
diffuse,C1,1
dignify,C1,1
dimension,C1,1
diminish,C1,1
dimly,C1,1
disastrous,C1,2
disbelieve,C1,1
discard,C1,1
discharge,C1,1
disclosure,C1,1
discomfort,C1,1
discontent,C1,1
discriminate,C1,2
discrimination,C1,2
disdain,C1,2
disengagement,C1,1
disinfect,C1,1
disintegrate,C1,1
dispenser,C1,1
disposal,C1,3
dispose,C1,2
dispute,C1,2
disqualification,C1,1
disrupt,C1,2
disruption,C1,2
distinction,C1,1
distinctive,C1,1
distortion,C1,1
distraction,C1,9
distress,C1,1
divergent,C1,1
divert,C1,1
dormitory,C1,3
dough,C1,1
downfall,C1,1
downside,C1,2
drain,C1,1
drastic,C1,1
drastically,C1,1
drawback,C1,2
dreary,C1,1
drift,C1,2
drill,C1,1
drone,C1,10
droplet,C1,1
drown,C1,2
dub,C1,1
dumpling,C1,1
duo,C1,1
durable,C1,1
dweller,C1,1
dynamic,C1,4
dysfunctional,C1,2
eager,C1,2
earthen,C1,1
earthly,C1,1
ease,C1,3
echo,C1,3
ecological,C1,1
edible,C1,4
educator,C1,1
efficiency,C1,2
elegance,C1,1
elevate,C1,1
elicit,C1,1
embark,C1,2
embroidery,C1,2
emergence,C1,4
emperor,C1,4
employable,C1,2
empower,C1,1
encouragement,C1,1
endeavor,C1,1
endless,C1,2
endorse,C1,2
endure,C1,1
enforce,C1,4
engagement,C1,3
enquire,C1,1
enrichment,C1,1
ensue,C1,2
enterprise,C1,4
enthusiast,C1,2
entitle,C1,2
envelop,C1,1
environmentalist,C1,1
envisage,C1,1
epic,C1,2
equality,C1,1
equation,C1,1
escalate,C1,1
establishment,C1,1
ethically,C1,2
ethicist,C1,1
evacuate,C1,1
evacuation,C1,3
evolutionary,C1,1
exaggerate,C1,1
exaggeration,C1,1
excavate,C1,2
excavation,C1,6
excellence,C1,1
exceptional,C1,1
excerpt,C1,12
excess,C1,1
exclusive,C1,1
exclusively,C1,2
exhaust,C1,2
exit,C1,6
expat,C1,2
expenditure,C1,1
expire,C1,2
exploratory,C1,1
explosive,C1,1
extinction,C1,2
extinguisher,C1,2
extract,C1,20
exuberant,C1,2
eyesome,C1,1
eyesore,C1,1
fable,C1,1
facilitate,C1,2
fade,C1,4
fascinate,C1,3
fatal,C1,1
fatally,C1,1
fate,C1,1
fatigue,C1,1
favoritism,C1,1
ferocious,C1,1
fertility,C1,1
fertilizer,C1,1
fierce,C1,1
fierceness,C1,1
filthy,C1,1
fin,C1,1
finalisation,C1,1
fine,C1,10
fingertip,C1,1
fit,C1,11
flair,C1,1
flake,C1,1
flank,C1,1
flashy,C1,1
flaw,C1,1
flee,C1,1
fleet,C1,3
flesh,C1,2
flexibility,C1,1
flick,C1,1
flock,C1,1
flourish,C1,4
focussed,C1,1
foist,C1,1
fondly,C1,1
footage,C1,1
footstep,C1,1
foreigner,C1,1
foresee,C1,1
formulate,C1,1
forth,C1,4
foster,C1,4
foul,C1,2
fracture,C1,3
fragile,C1,2
frankly,C1,4
functional,C1,1
funeral,C1,1
funky,C1,1
fuss,C1,1
futuristic,C1,3
gadget,C1,2
gastronomic,C1,1
gaze,C1,3
generalize,C1,1
glance,C1,1
glimpse,C1,1
globalist,C1,1
gloomy,C1,1
glorious,C1,1
glory,C1,2
grasp,C1,2
gratitude,C1,1
grave,C1,2
grid,C1,1
grimmer,C1,1
grimness,C1,1
grin,C1,1
grind,C1,4
gross,C1,1
grower,C1,1
gruel,C1,1
grumble,C1,1
guidance,C1,1
gulp,C1,1
habitable,C1,1
hairy,C1,1
halt,C1,1
hamper,C1,2
handful,C1,1
handiwork,C1,1
handy,C1,2
harmonious,C1,1
harsh,C1,1
harsher,C1,1
harvest,C1,5
hatred,C1,1
hazard,C1,4
headphone,C1,1
headset,C1,1
hearty,C1,1
heave,C1,1
helplessly,C1,1
herbal,C1,1
herd,C1,1
heritage,C1,8
heroine,C1,1
heyday,C1,2
hint,C1,3
honeycomb,C1,1
hook,C1,2
hoop,C1,1
hopeful,C1,1
horizontal,C1,1
hospitalization,C1,1
hotshot,C1,1
hue,C1,1
humanity,C1,1
humanize,C1,1
humble,C1,2
hygiene,C1,11
idiot,C1,4
idol,C1,2
illuminate,C1,1
illustrative,C1,1
immense,C1,1
immerse,C1,3
impart,C1,1
imperfect,C1,1
implementation,C1,4
imposture,C1,1
imprint,C1,3
imprison,C1,1
improbable,C1,1
improvisation,C1,2
impulse,C1,2
inability,C1,1
inadequate,C1,1
inappropriate,C1,2
inaugural,C1,1
incapable,C1,2
incidence,C1,1
incinerator,C1,2
incite,C1,1
inclusion,C1,1
inclusive,C1,1
indicator,C1,1
indictment,C1,1
indigenous,C1,4
indispensables,C1,1
individualistic,C1,1
induce,C1,1
ineffectual,C1,1
inefficient,C1,1
inequality,C1,1
influential,C1,2
informative,C1,2
ingrain,C1,1
initiate,C1,1
inject,C1,3
injection,C1,1
injustice,C1,1
innocuous,C1,1
inquirer,C1,1
insider,C1,1
inspect,C1,5
inspection,C1,5
inspiration,C1,6
instruct,C1,2
instrumental,C1,1
insufficient,C1,2
insult,C1,1
insure,C1,1
intact,C1,1
intake,C1,1
integral,C1,2
intellectual,C1,4
intensively,C1,1
intent,C1,1
intently,C1,1
interactive,C1,3
interfere,C1,2
interim,C1,4
intermediate,C1,4
interrelate,C1,1
intervene,C1,1
intervention,C1,4
intimacy,C1,1
intrepid,C1,2
invisible,C1,1
involvement,C1,1
invulnerable,C1,1
ironic,C1,2
ironically,C1,4
irony,C1,2
itinerary,C1,1
journalistic,C1,1
junk,C1,1
justly,C1,1
knob,C1,1
knowledgeable,C1,2
labrador,C1,1
lament,C1,2
lander,C1,1
landmark,C1,7
lap,C1,2
latter,C1,1
lawyerly,C1,1
leap,C1,2
legendary,C1,1
legitimate,C1,1
lengthy,C1,1
lever,C1,1
leverage,C1,1
liability,C1,1
liable,C1,1
liberal,C1,4
license,C1,4
lifelike,C1,1
lifelong,C1,1
likelihood,C1,2
limelight,C1,1
listing,C1,2
literacy,C1,3
liven,C1,1
lobby,C1,1
locale,C1,1
log,C1,2
logic,C1,2
loneliness,C1,2
loom,C1,1
lounge,C1,7
lush,C1,1
machinery,C1,1
magical,C1,4
mainland,C1,1
mainstream,C1,4
maintenance,C1,4
mammal,C1,3
mandatory,C1,1
manic,C1,1
manipulate,C1,1
marine,C1,8
markedly,C1,1
marshal,C1,2
martian,C1,1
marvel,C1,1
mask,C1,1
mastermind,C1,1
mat,C1,1
materialize,C1,1
mature,C1,1
maximize,C1,2
meaningful,C1,1
meantime,C1,2
meditation,C1,1
melody,C1,1
memo,C1,2
memoir,C1,3
mender,C1,1
mentors,C1,1
mercedes,C1,1
merchandise,C1,1
merely,C1,2
merit,C1,5
methane,C1,1
microorganism,C1,1
migration,C1,9
militant,C1,1
mince,C1,1
mindblowing,C1,1
minimise,C1,1
minimize,C1,2
miracle,C1,2
misconception,C1,1
misfortune,C1,4
mislead,C1,5
misstep,C1,1
misuse,C1,1
monochrome,C1,1
monoculture,C1,1
monologue,C1,1
moor,C1,2
morality,C1,2
motivational,C1,1
motivator,C1,1
motive,C1,1
mould,C1,1
mound,C1,1
mournful,C1,1
mutual,C1,1
nationwide,C1,1
neon,C1,10
nest,C1,1
net,C1,4
neutralize,C1,1
newsagent,C1,1
newsletter,C1,5
niche,C1,3
nightly,C1,1
nocturnal,C1,2
nod,C1,2
nonetheless,C1,1
nonsense,C1,1
noon,C1,1
notably,C1,2
notorious,C1,1
novel,C1,7
nudge,C1,2
numb,C1,1
oasis,C1,1
obsess,C1,3
occasional,C1,2
occupant,C1,1
occurrence,C1,1
odds,C1,1
offense,C1,1
officially,C1,1
offspring,C1,1
oldie,C1,1
omission,C1,1
onlooker,C1,1
onward,C1,1
oppression,C1,1
opt,C1,1
oral,C1,1
orca,C1,2
orchard,C1,4
orchid,C1,1
organizational,C1,2
originate,C1,4
ostracize,C1,2
outgunned,C1,1
outing,C1,1
outlet,C1,4
outlook,C1,2
outnumber,C1,1
outrage,C1,2
outskirt,C1,1
outweigh,C1,1
overdeveloping,C1,1
overdue,C1,1
overjoy,C1,1
overkill,C1,1
overlook,C1,2
overly,C1,1
overreaction,C1,1
overshadow,C1,1
overstate,C1,1
overstep,C1,1
overt,C1,1
overtake,C1,1
overview,C1,3
overwhelm,C1,1
oxygenate,C1,1
paradise,C1,2
parental,C1,1
patch,C1,12
pathway,C1,1
patron,C1,2
patronize,C1,2
pavilion,C1,2
peak,C1,3
peddler,C1,1
pedestrianizing,C1,1
pending,C1,1
penetrate,C1,1
pensioner,C1,1
perfection,C1,1
peril,C1,1
peripheral,C1,1
persimmon,C1,2
persuasive,C1,1
peruvian,C1,1
philosophical,C1,1
physician,C1,1
piercings,C1,1
pioneer,C1,1
pip,C1,2
pipeline,C1,1
pirate,C1,1
pit,C1,13
pitfall,C1,1
plaster,C1,2
plead,C1,1
pleasurable,C1,1
pledge,C1,8
plummet,C1,1
plunge,C1,1
pointless,C1,1
pole,C1,2
politically,C1,2
poll,C1,4
pollen,C1,2
pollinate,C1,5
pollinator,C1,2
pond,C1,2
pop,C1,3
portfolio,C1,6
portray,C1,2
postpone,C1,2
posture,C1,1
precarious,C1,1
precision,C1,1
predator,C1,1
predecessor,C1,2
predicament,C1,2
prejudice,C1,2
preliminary,C1,1
premier,C1,3
premise,C1,1
premium,C1,1
preoccupation,C1,1
prescribe,C1,1
prescription,C1,1
preservation,C1,1
preservationist,C1,1
prestigious,C1,2
presumably,C1,1
presume,C1,1
preteen,C1,1
prettiness,C1,1
prevail,C1,1
primitive,C1,1
principal,C1,2
privilege,C1,2
problematic,C1,1
productive,C1,3
productivity,C1,2
proficient,C1,1
profound,C1,1
projection,C1,1
proliferation,C1,1
prolong,C1,1
prominent,C1,2
prospective,C1,1
prosperity,C1,1
protective,C1,4
provider,C1,3
province,C1,1
provisional,C1,1
provocative,C1,1
provoke,C1,2
prowess,C1,1
publicize,C1,1
puddle,C1,1
pulse,C1,4
puma,C1,1
pump,C1,2
punctuality,C1,1
punctuate,C1,1
purposefully,C1,1
query,C1,2
quota,C1,1
rack,C1,1
radar,C1,1
radical,C1,2
radically,C1,1
raid,C1,1
ramification,C1,1
ranch,C1,1
rational,C1,1
reactionary,C1,1
readership,C1,2
readily,C1,1
realm,C1,3
reassure,C1,3
rebellious,C1,1
recharge,C1,1
recipient,C1,1
recite,C1,1
recognizable,C1,1
reconstruct,C1,1
reconstruction,C1,1
recount,C1,1
recurrent,C1,1
reddish,C1,1
redeem,C1,1
reflection,C1,2
reform,C1,1
refresh,C1,3
refusal,C1,4
regain,C1,1
regulator,C1,2
regulatory,C1,1
rehabilitation,C1,1
reign,C1,1
related to,C1,7
relic,C1,1
reluctance,C1,1
reluctant,C1,2
reminder,C1,6
removal,C1,1
renew,C1,1
renminbi,C1,1
renovation,C1,2
renowned,C1,2
repeatedly,C1,4
repressive,C1,1
reptile,C1,1
resemble,C1,2
residential,C1,1
resistance,C1,1
respectful,C1,1
respectively,C1,2
restoration,C1,2
resume,C1,1
rethink,C1,1
retrieve,C1,1
revenge,C1,1
reverse,C1,1
revitalization,C1,1
revolutionary,C1,1
riddle,C1,1
rip,C1,2
ripple,C1,5
ritual,C1,3
rock,C1,5
rotate,C1,2
rumour,C1,2
sack,C1,2
sacrifice,C1,1
savage,C1,1
savagely,C1,1
saying,C1,2
scaffold,C1,1
scandalous,C1,2
scarce,C1,1
scatter,C1,1
sceptical,C1,1
scholastically,C1,1
scold,C1,3
scope,C1,2
scrutiny,C1,1
seal,C1,2
secretive,C1,1
seemingly,C1,3
seldom,C1,1
sensation,C1,1
sensitivity,C1,1
sentiment,C1,1
separation,C1,1
shameful,C1,1
shareholder,C1,1
shatter,C1,1
sheer,C1,1
shoot,C1,15
shorten,C1,1
shrine,C1,3
shrink,C1,4
shrug,C1,1
shuttle,C1,2
sigh,C1,1
signage,C1,1
silicon,C1,1
silliness,C1,1
simplify,C1,2
simplistic,C1,1
simulate,C1,1
simultaneously,C1,2
skepticism,C1,2
sketch,C1,3
slap,C1,3
slash,C1,2
slump,C1,1
smash,C1,1
snap,C1,1
soak,C1,2
soar,C1,1
socialist,C1,1
societal,C1,2
solace,C1,1
sole,C1,1
solo,C1,3
somber,C1,1
sonic,C1,6
soothe,C1,1
sophisticate,C1,1
sophistication,C1,1
sound,C1,31
sow,C1,1
span,C1,3
spare,C1,2
spark,C1,4
specimen,C1,1
spectacle,C1,2
spell,C1,2
spin,C1,1
spindly,C1,2
sprout,C1,1
spy,C1,1
squeeze,C1,3
stack,C1,2
stagnate,C1,1
staircase,C1,1
stale,C1,2
standardise,C1,1
standardize,C1,1
starkly,C1,1
startle,C1,2
static,C1,1
steely,C1,1
stereotype,C1,1
sterile,C1,1
stew,C1,1
steward,C1,1
stewardship,C1,3
stifle,C1,1
stimulation,C1,1
sting,C1,34
stinger,C1,2
stir,C1,2
storage,C1,1
strain,C1,1
strategic,C1,1
strew,C1,2
stringy,C1,1
strip,C1,3
strive,C1,1
structural,C1,1
stumble,C1,1
stun,C1,3
stunt,C1,2
submission,C1,6
subscription,C1,1
substantial,C1,2
subtle,C1,2
subtropical,C1,1
successive,C1,1
sue,C1,1
suffocate,C1,1
suitability,C1,1
summarise,C1,1
superior,C1,2
superstitious,C1,1
supervision,C1,1
supplement,C1,1
supportive,C1,2
supposedly,C1,1
surge,C1,1
surgical,C1,1
surreptitiously,C1,1
susceptible,C1,1
suspicion,C1,2
suspicious,C1,3
sustain,C1,4
sustenance,C1,1
swap,C1,2
swarm,C1,1
symbolize,C1,2
syndication,C1,1
synthesize,C1,1
synthetic,C1,1
tally,C1,1
teamwork,C1,2
teaser,C1,1
tedious,C1,1
terminal,C1,1
termination,C1,1
terrain,C1,1
terrestrial,C1,1
terrific,C1,1
testify,C1,1
textile,C1,2
texture,C1,1
thoughtful,C1,1
thoughtfully,C1,1
thread,C1,3
threshold,C1,2
thrill,C1,1
thrive,C1,2
thug,C1,2
tide,C1,1
tighten,C1,1
timber,C1,2
token,C1,2
tolerance,C1,1
tolerate,C1,1
torture,C1,1
toss,C1,1
toxic,C1,2
trace,C1,4
trail,C1,4
trainee,C1,7
tranquil,C1,1
transcribe,C1,1
transcript,C1,14
transformation,C1,1
transit,C1,2
transmission,C1,1
trauma,C1,1
trendy,C1,3
tribal,C1,1
trigger,C1,1
trim,C1,1
trimming,C1,2
trip over,C1,2
triumph,C1,2
triumphantly,C1,1
trump,C1,1
tuition,C1,4
tweezers,C1,1
twist,C1,3
ubiquitous,C1,3
ubiquity,C1,1
unanswered,C1,1
unappreciated,C1,1
unavailable,C1,2
unbeatable,C1,1
unchecked,C1,1
uncontacted,C1,1
uncover,C1,3
undecided,C1,1
underage,C1,1
underclass,C1,1
undercover,C1,1
underfoot,C1,1
undermine,C1,5
undeserving,C1,1
undocumented,C1,1
unearth,C1,2
uneducated,C1,1
unending,C1,1
unfeasible,C1,1
unforeseen,C1,2
unify,C1,1
uninhabitable,C1,1
unintended,C1,1
unintentional,C1,1
unintentionally,C1,1
unpaid,C1,1
unprecedented,C1,1
unpunished,C1,1
unquantifiable,C1,1
unrealistically,C1,1
unspoiled,C1,1
unspoken,C1,1
unstick,C1,1
unveil,C1,1
unwanted,C1,2
upcoming,C1,4
uproot,C1,1
upward,C1,1
urbanization,C1,1
urgency,C1,1
utterly,C1,1
vague,C1,1
validate,C1,2
vanish,C1,1
vessel,C1,2
veteran,C1,2
vibrant,C1,2
vicious,C1,2
viciously,C1,1
victimize,C1,2
villager,C1,1
virtue,C1,4
vocalization,C1,1
vocational,C1,1
vow,C1,1
vulnerable,C1,6
ward,C1,1
warehouse,C1,1
warrior,C1,8
weave,C1,1
whilst,C1,2
wholly,C1,1
wipe,C1,2
wisely,C1,2
wit,C1,1
wordlessly,C1,1
workout,C1,1
worsen,C1,1
worship,C1,8
worshipper,C1,1
worthwhile,C1,1
yachtsman,C1,1
yell,C1,1
yield,C1,2
youngster,C1,4
zoological,C1,1
a cappella,C2,1
abseil,C2,1
accord,C2,16
admonitory,C2,1
africanize,C2,1
ala,C2,2
alfresco,C2,2
aloof,C2,1
ambiguity,C2,2
ambiguous,C2,1
ambush,C2,1
anaphylactic,C2,1
anticipation,C2,1
apiarist,C2,1
apocalypse,C2,1
apoplectic,C2,1
arboreal,C2,1
arcane,C2,1
attest,C2,2
auditorium,C2,2
authoritarian,C2,2
autopsy,C2,1
avert,C2,1
awesome,C2,3
banal,C2,1
bandwagon,C2,2
banyan,C2,28
barb,C2,1
barge,C2,1
bazseedling,C2,2
beehive,C2,4
belie,C2,1
benign,C2,1
bereavement,C2,1
berserk,C2,1
bicker,C2,1
bile,C2,1
billow,C2,1
blare,C2,1
bleak,C2,1
bloke,C2,1
boatload,C2,1
bodacious,C2,1
botchers,C2,1
bracken,C2,1
brigade,C2,1
bristle,C2,2
bronze,C2,4
burrow,C2,1
buzz,C2,2
calamity,C2,1
calibrate,C2,1
callus,C2,1
cannibalize,C2,1
canon,C2,1
canopy,C2,1
catastrophe,C2,1
celestial,C2,1
chariot,C2,1
chasten,C2,1
cherub,C2,1
chide,C2,1
chime,C2,1
chink,C2,1
chuff,C2,1
chum,C2,1
churn,C2,1
clang,C2,1
claustrophobic,C2,1
clincher,C2,1
clog,C2,1
coerce,C2,1
collate,C2,1
commotion,C2,1
complimentary,C2,4
conduit,C2,1
confucian,C2,2
consortium,C2,2
conspicuous,C2,1
contradictory,C2,1
coral,C2,1
counterfactual,C2,1
crackdown,C2,1
cram,C2,1
crane,C2,1
crank,C2,1
crave,C2,1
credence,C2,1
credulously,C2,1
crimson,C2,1
crisp,C2,1
critter,C2,1
crucible,C2,1
crumble,C2,1
culmination,C2,1
curbside,C2,1
daft,C2,1
dazzle,C2,2
debunker,C2,2
deception,C2,1
decongest,C2,1
deepen,C2,1
deface,C2,1
defecate,C2,1
definitive,C2,1
deity,C2,1
delusion,C2,3
demolition,C2,1
deprave,C2,1
desist,C2,1
desperation,C2,1
destine,C2,2
destructibility,C2,1
developer,C2,4
dharma,C2,1
dice,C2,1
dichotomy,C2,1
dictatorial,C2,1
didactic,C2,1
dim,C2,2
din,C2,6
dioxide,C2,3
disaffection,C2,1
discernible,C2,1
dismantle,C2,1
disruptive,C2,1
dissociate,C2,1
dullard,C2,1
dystopia,C2,4
dystopian,C2,12
eclectic,C2,1
elasticated,C2,1
elder,C2,3
elimination,C2,1
embarrass,C2,4
embellish,C2,1
embolden,C2,1
emit,C2,3
enchant,C2,1
enclave,C2,1
encode,C2,1
endemic,C2,1
enliven,C2,1
entail,C2,1
enthuse,C2,1
entrails,C2,1
equivocate,C2,1
ethiopian,C2,1
excel,C2,1
excruciate,C2,1
expressive,C2,1
extol,C2,1
extrapolate,C2,1
extravagant,C2,1
facade,C2,1
facial,C2,2
fad,C2,1
faddish,C2,1
fatuous,C2,1
fauna,C2,1
feckless,C2,1
fecundity,C2,1
feistiness,C2,1
fervently,C2,1
fervor,C2,1
fetishist,C2,1
fictional,C2,1
fiddle,C2,1
fig,C2,1
finch,C2,1
fissure,C2,1
fittingly,C2,1
fixate,C2,1
flaunt,C2,1
flier,C2,1
flirt,C2,1
flora,C2,1
flummox,C2,1
follower,C2,2
footloose,C2,1
forage,C2,17
forager,C2,4
forebear,C2,1
foreseeable,C2,2
fragrance,C2,1
freewheel,C2,1
frenzy,C2,2
fresco,C2,1
fringe,C2,1
frown,C2,2
fulfilment,C2,1
fumble,C2,1
fury,C2,2
futile,C2,1
gaggle,C2,1
garishness,C2,1
gazillion,C2,1
glaze,C2,1
glider,C2,12
glisten,C2,1
glow,C2,2
glut,C2,1
grandiose,C2,1
grapple,C2,1
grotesque,C2,1
guise,C2,1
hapless,C2,1
harbinger,C2,1
haul,C2,4
hay,C2,1
headhunter,C2,1
heap,C2,1
heather,C2,2
hedonism,C2,1
hippocratic,C2,1
hipster,C2,1
hive,C2,5
homeopathy,C2,1
homey,C2,1
homogeneity,C2,1
hop,C2,8
hornet,C2,1
howl,C2,4
huff,C2,1
humbly,C2,1
hunch,C2,1
idolatry,C2,1
ignorant,C2,1
immortal,C2,1
impeccably,C2,1
impede,C2,1
impressionable,C2,1
inclement,C2,1
incongruity,C2,1
indebted to,C2,1
indispensable,C2,1
indoctrinate,C2,1
infancy,C2,1
infectious,C2,1
infinite,C2,1
infuriate,C2,1
infuse,C2,1
ingenuity,C2,1
ingratiate,C2,1
inhabit,C2,1
inscrutable,C2,1
instigate,C2,1
intertwine,C2,1
intolerable,C2,1
intricately,C2,1
intrigue,C2,3
intrinsic,C2,1
intruder,C2,1
intuition,C2,1
invariably,C2,1
invincibility,C2,1
iteration,C2,1
itinerant,C2,1
janitor,C2,1
jerk,C2,1
judgment,C2,2
juggle,C2,6
klaxon,C2,1
knot,C2,3
labyrinth,C2,1
lackluster,C2,1
lacquer,C2,1
lacrosse,C2,1
lair,C2,1
lame,C2,1
lancet,C2,1
landowner,C2,1
languish,C2,1
leaping,C2,1
legalities,C2,1
linen,C2,1
lingonberry,C2,1
lodge,C2,1
long for,C2,1
longevity,C2,1
lull,C2,1
lump,C2,1
lunatic,C2,1
lurk,C2,1
magpie,C2,1
malicious,C2,1
maltese,C2,1
mar,C2,1
marian,C2,1
marital,C2,1
masonry,C2,3
maximise,C2,2
meddle,C2,1
melancholic,C2,1
microbial,C2,1
mighty,C2,1
millennium,C2,5
mingle,C2,1
miniature,C2,1
miniscule,C2,1
miraculously,C2,1
misfit,C2,1
mishap,C2,1
moan,C2,1
mojo,C2,1
molehill,C2,1
monetise,C2,1
moreish,C2,1
mortal,C2,1
motif,C2,1
nauseate,C2,1
nectar,C2,1
negligent,C2,1
nosh,C2,1
nostril,C2,1
obliterate,C2,1
obscure,C2,1
observant,C2,1
offset,C2,2
openness,C2,1
opine,C2,1
orphan,C2,1
ossify,C2,1
outlandish,C2,1
outright,C2,1
overarching,C2,1
overflow,C2,2
overlord,C2,1
pagan,C2,1
palette,C2,1
pander,C2,1
paparazzi,C2,1
paperback,C2,1
parasocial,C2,2
particle,C2,2
pastime,C2,2
patina,C2,1
peek,C2,1
pendulum,C2,2
perceptive,C2,1
perseverance,C2,1
persistence,C2,1
personhood,C2,1
persuasion,C2,1
pertinent,C2,1
peruse,C2,1
pervade,C2,1
pharmaceutical,C2,2
pigment,C2,1
pinnacle,C2,1
pious,C2,1
plough,C2,7
pluck,C2,1
ply,C2,1
poise,C2,1
ponder,C2,1
porch,C2,1
posit,C2,1
poultry,C2,1
pragmatic,C2,1
premeditate,C2,1
pretties,C2,1
procession,C2,1
procurement,C2,1
propel,C2,1
propensity,C2,1
protagonist,C2,1
protestation,C2,1
proverbially,C2,1
provocation,C2,1
psyche,C2,1
psychopath,C2,1
puncture,C2,1
purge,C2,1
pushy,C2,2
quaint,C2,1
quilt,C2,10
quiver,C2,1
rabid,C2,1
rag,C2,1
rake in,C2,1
ramp up,C2,1
raucous,C2,1
reap,C2,1
receptive,C2,1
redundant,C2,1
refine,C2,2
relentless,C2,1
relentlessly,C2,1
reliance,C2,1
relish,C2,2
remnant,C2,1
rep,C2,1
repellent,C2,1
reprehensible,C2,1
reprieve,C2,1
resemblance,C2,1
resentment,C2,1
resiliency,C2,1
retailer,C2,1
reverent,C2,2
revert,C2,1
revolt,C2,2
rife,C2,1
rift,C2,1
rigor,C2,1
rite,C2,1
roach,C2,1
roost,C2,1
rot,C2,1
rote,C2,1
rummage,C2,2
saboteur,C2,1
sac,C2,2
sadden,C2,1
sassy,C2,1
scarcity,C2,1
scramble,C2,2
scrap,C2,5
scrapheap,C2,1
screengrab,C2,1
scribble,C2,1
scroll,C2,1
sculpt,C2,1
scurry,C2,1
seethe,C2,1
serendipity,C2,1
sever,C2,1
shack,C2,1
sham,C2,1
sheathe,C2,1
shield,C2,2
shred,C2,1
shudder,C2,1
skeptical,C2,1
skillet,C2,1
slack,C2,3
smoky,C2,1
smoulder,C2,1
snare,C2,2
sneer,C2,1
sniff,C2,3
snippet,C2,1
soggy,C2,1
soot,C2,1
spar,C2,2
spike,C2,1
sprain,C2,1
spur,C2,1
stag,C2,1
stampede,C2,1
stardom,C2,2
starvation,C2,1
stern,C2,1
steroid,C2,1
stitch,C2,1
stoicism,C2,1
straggle,C2,1
strap,C2,1
stump,C2,1
sulfuric,C2,1
superficial,C2,3
superstition,C2,3
supremacy,C2,1
sustainability,C2,4
swell,C2,3
swift,C2,1
swirl,C2,1
systematically,C2,1
tandem,C2,1
tangible,C2,1
tangle,C2,1
tantalize,C2,1
tarantula,C2,1
tasteless,C2,1
teary,C2,1
tellingly,C2,1
terminology,C2,1
terraforming,C2,7
thermal,C2,1
thrash,C2,1
throb,C2,1
thrust,C2,1
tidbit,C2,1
tirade,C2,1
tire,C2,3
tragically,C2,1
trammelled,C2,1
transgression,C2,1
trash,C2,3
traumatic,C2,1
tread,C2,1
treason,C2,1
trench,C2,1
trepidation,C2,1
trickle,C2,2
trilogy,C2,3
trinket,C2,1
truism,C2,1
tumult,C2,1
turbine,C2,1
turbulent,C2,1
turf,C2,1
tweed,C2,1
tweet,C2,2
twine,C2,1
tyrannical,C2,1
ugli,C2,1
unanimous,C2,1
unanimously,C2,1
undesirable,C2,1
undiscerning,C2,1
unethical,C2,2
unfurl,C2,1
unmolested,C2,1
unravel,C2,1
unrelenting,C2,2
untrammeled,C2,1
unwind,C2,1
unwittingly,C2,1
unyielding,C2,1
upheaval,C2,1
upsurge,C2,1
usher,C2,2
utopia,C2,1
utter,C2,2
vanguard,C2,1
variance,C2,1
veer,C2,1
venerable,C2,1
venerate,C2,1
veneration,C2,1
venomous,C2,1
veracious,C2,1
visor,C2,1
vocation,C2,1
volatile,C2,1
voter,C2,2
wary,C2,2
weary,C2,1
wellies,C2,1
whine,C2,2
whingeing,C2,1
whir,C2,1
whirl,C2,1
wholeheartedly,C2,1
wicked,C2,1
wiggle,C2,1
wilt,C2,1
wink,C2,1
wisp,C2,1
woe,C2,2
worthless,C2,1
wrangle,C2,1
wreck,C2,1
wring,C2,1
wry,C2,1
yap,C2,1
yarn,C2,1
yearn,C2,1
zing,C2,1
